date,strait_of_hormuz_n_tanker,strait_of_hormuz_capacity_tanker,bab_el_mandeb_strait_n_tanker,bab_el_mandeb_strait_capacity_tanker,suez_canal_n_tanker,suez_canal_capacity_tanker,malacca_strait_n_tanker,malacca_strait_capacity_tanker,pump_price,brent_price,usd_index,strait_of_hormuz_n_tanker_ma4,strait_of_hormuz_n_tanker_ma12,strait_of_hormuz_n_tanker_std4,strait_of_hormuz_n_tanker_ratio12,strait_of_hormuz_n_tanker_lag1,strait_of_hormuz_n_tanker_lag2,strait_of_hormuz_n_tanker_lag4,bab_el_mandeb_strait_n_tanker_ma4,bab_el_mandeb_strait_n_tanker_ma12,bab_el_mandeb_strait_n_tanker_std4,bab_el_mandeb_strait_n_tanker_ratio12,bab_el_mandeb_strait_n_tanker_lag1,bab_el_mandeb_strait_n_tanker_lag2,bab_el_mandeb_strait_n_tanker_lag4,suez_canal_n_tanker_ma4,suez_canal_n_tanker_ma12,suez_canal_n_tanker_std4,suez_canal_n_tanker_ratio12,suez_canal_n_tanker_lag1,suez_canal_n_tanker_lag2,suez_canal_n_tanker_lag4,malacca_strait_n_tanker_ma4,malacca_strait_n_tanker_ma12,malacca_strait_n_tanker_std4,malacca_strait_n_tanker_ratio12,malacca_strait_n_tanker_lag1,malacca_strait_n_tanker_lag2,malacca_strait_n_tanker_lag4,maritime_stress,brent_return_1w,brent_return_4w,brent_vol_4w,brent_return_1w_lag1,brent_return_1w_lag2,pump_return_1w,pump_return_4w,pump_return_1w_lag1,pump_return_1w_lag2,usd_return_4w,month,week_of_year,is_driving_season,is_winter,target_return_1w,target_price_up_1w
2019-02-04,36.0,1860248.4285714286,16.428571428571427,917750.4285714285,14.571428571428571,694948.1428571428,70.0,3334433.8571428573,2.254,62.26,113.8766,36.857142857142854,37.82857142857143,2.920721185751553,0.9516616314199395,40.142857142857146,38.0,41.714285714285715,16.357142857142854,16.857142857142854,0.9367769320431446,0.9745762711864407,16.428571428571427,17.428571428571427,18.857142857142858,15.642857142857142,15.714285714285714,1.352749782032552,0.9272727272727272,17.571428571428573,15.571428571428571,16.0,67.42857142857143,67.5142857142857,2.809120229286212,1.0368176047397377,63.42857142857143,68.28571428571429,67.85714285714286,0.027417941345288688,0.04270641433595701,0.09036777583187394,0.04303770070196541,-0.039723383724670325,0.0574829931972789,-0.0008865248226949118,0.007599463567277587,0.002221235006663713,0.0017801513128616886,-0.005989727904695097,2,6,0,1,0.009760425909494108,1
2019-02-11,36.57142857142857,1374298.4285714286,17.428571428571427,923739.1428571428,16.714285714285715,905554.0,69.14285714285714,2891232.285714286,2.276,61.3,115.031,37.67857142857143,37.61904761904762,1.8456604739317626,0.9721518987341772,36.0,40.142857142857146,33.285714285714285,16.928571428571427,16.952380952380953,0.5773502691896265,1.0280898876404494,16.428571428571427,16.428571428571427,15.142857142857142,16.107142857142854,15.88095238095238,1.3112542679061312,1.0524737631184409,14.571428571428571,17.571428571428573,14.857142857142858,67.71428571428572,67.78571428571429,2.9416086117105675,1.0200210748155951,70.0,63.42857142857143,68.0,-0.018184156077165642,-0.015419209765499486,0.04251700680272119,0.046319642028067966,0.04270641433595701,-0.039723383724670325,0.009760425909494108,0.01290609701824641,-0.0008865248226949118,0.002221235006663713,0.008686395347613729,2,7,0,1,0.018014059753954426,1
2019-02-18,38.714285714285715,1376793.142857143,17.142857142857142,800841.1428571428,15.571428571428571,801473.2857142857,73.14285714285714,3185530.714285714,2.317,66.41,114.9923,37.85714285714286,37.775510204081634,1.9201757289196169,1.0248514316585629,36.57142857142857,36.0,38.0,16.857142857142854,16.97959183673469,0.5084322977157782,1.0096153846153848,17.428571428571427,16.428571428571427,17.428571428571427,16.107142857142858,15.83673469387755,1.3112542679061312,0.9832474226804123,16.714285714285715,14.571428571428571,15.571428571428571,68.92857142857143,68.55102040816327,4.049859324003444,1.0669842214944922,69.14285714285714,70.0,68.28571428571429,-0.021174615112213052,0.08336052202283839,0.06802830492119649,0.055770207395609374,-0.015419209765499486,0.04270641433595701,0.018014059753954426,0.029320302087961103,0.009760425909494108,-0.0008865248226949118,0.0037910927215907275,2,8,0,1,0.03150625809236085,1
2019-02-25,43.57142857142857,1576325.2857142857,15.714285714285714,767924.2857142857,15.428571428571429,861361.7142857143,68.42857142857143,3012389.0,2.39,64.02,114.1457,38.714285714285715,38.5,3.4424322994148264,1.1317254174397031,38.714285714285715,36.57142857142857,40.142857142857146,16.678571428571427,16.82142857142857,0.7682031335667495,0.9341825902335457,17.142857142857142,17.428571428571427,16.428571428571427,15.571428571428571,15.785714285714285,0.8806305718527117,0.9773755656108598,15.571428571428571,16.714285714285715,17.571428571428573,70.17857142857143,68.53571428571429,2.0779863355865236,0.9984366857738405,73.14285714285714,69.14285714285714,63.42857142857143,-0.010430064764487268,-0.035988555940370426,0.07218221403450009,0.05450457077216719,0.08336052202283839,-0.015419209765499486,0.03150625809236085,0.05939716312056764,0.018014059753954426,0.009760425909494108,0.0008198000564654251,2,9,0,1,0.013389121338912124,1
2019-03-04,40.57142857142857,1477814.2857142857,16.714285714285715,875043.2857142857,15.857142857142858,753761.4285714285,69.28571428571429,3328603.8571428573,2.422,64.44,114.6925,39.85714285714286,38.73015873015873,2.9669379987514812,1.0475409836065575,43.57142857142857,38.714285714285715,36.0,16.75,16.80952380952381,0.750283393170894,0.9943342776203966,15.714285714285714,17.142857142857142,16.428571428571427,15.892857142857142,15.793650793650793,0.5758755534498974,1.0040201005025127,15.428571428571429,15.571428571428571,14.571428571428571,70.0,68.61904761904762,2.128523489393037,1.0097154753643305,68.42857142857143,73.14285714285714,70.0,-0.013902709273449304,0.006560449859418949,0.03501445550915516,0.05213484938198726,-0.035988555940370426,0.08336052202283839,0.013389121338912124,0.07453416149068337,0.03150625809236085,0.018014059753954426,0.007164773096492105,3,10,0,0,0.020231213872832443,1
2019-03-11,41.285714285714285,1503988.857142857,18.285714285714285,846663.4285714285,20.571428571428573,1030590.0,64.14285714285714,2880859.8571428573,2.471,65.06,115.2967,41.035714285714285,38.98571428571428,2.008061982402483,1.0589959692194943,40.57142857142857,43.57142857142857,36.57142857142857,16.964285714285715,16.957142857142856,1.065060440302144,1.0783487784330246,16.714285714285715,15.714285714285714,17.428571428571427,16.857142857142858,16.271428571428572,2.4825924567118247,1.2642669007901668,15.857142857142858,15.428571428571429,16.714285714285715,68.75,68.17142857142858,3.6929331299173,0.9409052808046939,69.28571428571429,68.42857142857143,69.14285714285714,-0.08562923231184491,0.009621353196772153,0.06133768352365432,0.04956474666990573,0.006560449859418949,-0.035988555940370426,0.020231213872832443,0.0856766256590511,0.013389121338912124,0.03150625809236085,0.002309812137597733,3,11,0,0,0.031161473087818692,1
2019-03-18,39.714285714285715,1749927.2857142857,21.714285714285715,1072779.142857143,14.857142857142858,729160.8571428572,62.57142857142857,3043583.714285714,2.548,66.65,114.4375,41.285714285714285,39.05194805194805,1.6536909861129305,1.0169604256734286,41.285714285714285,40.57142857142857,38.714285714285715,18.107142857142858,17.38961038961039,2.6273677368213555,1.2486930545182973,18.285714285714285,16.714285714285715,17.142857142857142,16.67857142857143,16.142857142857142,2.6273677368213604,0.920353982300885,20.571428571428573,15.857142857142858,15.571428571428571,66.10714285714286,67.66233766233766,3.2584270651305856,0.9247600767754318,64.14285714285714,69.28571428571429,73.14285714285714,-0.02769188481701068,0.024438979403627492,0.0036139135672339506,0.02596590990784662,0.009621353196772153,0.006560449859418949,0.031161473087818692,0.09969788519637457,0.020231213872832443,0.013389121338912124,-0.004824670869266856,3,12,0,0,0.029434850863422346,1
2019-03-25,39.142857142857146,1628534.4285714286,16.285714285714285,696939.5714285715,17.857142857142858,885038.8571428572,64.71428571428571,3069494.8571428573,2.623,67.37,114.4171,40.17857142857143,39.05952380952381,0.943109634301867,1.002133495885401,39.714285714285715,41.285714285714285,43.57142857142857,18.25,17.297619047619047,2.4643719791664274,0.9415003441156228,21.714285714285715,18.285714285714285,15.714285714285714,17.285714285714285,16.28571428571429,2.520662908164962,1.0964912280701753,14.857142857142858,20.571428571428573,15.428571428571429,65.17857142857142,67.41666666666667,2.884099029313033,0.9599152392724702,62.57142857142857,64.14285714285714,68.42857142857143,-1.0076835917305349e-05,0.010802700675168753,0.05232739768822259,0.007926292563984525,0.024438979403627492,0.009621353196772153,0.029434850863422346,0.09748953974895391,0.031161473087818692,0.020231213872832443,0.002377662934302416,3,13,0,0,0.025924513915363878,1
2019-04-01,46.285714285714285,1879492.0,15.714285714285714,742552.2857142857,15.285714285714286,778625.1428571428,64.42857142857143,2949734.8571428573,2.691,69.08,114.9362,41.60714285714286,39.44047619047619,3.247971632864317,1.1735587081195291,39.142857142857146,39.714285714285715,40.57142857142857,18.0,17.035714285714285,2.7105237087157503,0.9224318658280922,16.285714285714285,21.714285714285715,16.714285714285715,17.142857142857142,16.226190476190478,2.6418917155581334,0.9420396184886279,17.857142857142858,14.857142857142858,15.857142857142858,63.96428571428571,67.13095238095238,0.9574271077563435,0.9597446355736833,64.71428571428571,62.57142857142857,69.28571428571429,0.0005562929975168607,0.025382217604274837,0.07200496585971439,0.00850863573520047,0.010802700675168753,0.024438979403627492,0.025924513915363878,0.11106523534269175,0.029434850863422346,0.031161473087818692,0.0021248119972971935,4,14,0,0,0.020066889632107232,1
2019-04-08,42.857142857142854,1549831.2857142857,16.714285714285715,957850.5714285715,16.571428571428573,922699.4285714285,63.285714285714285,2708448.4285714286,2.745,71.12,114.6893,42.0,40.238095238095234,3.2908861986992606,1.0650887573964498,46.285714285714285,39.142857142857146,41.285714285714285,17.607142857142858,17.166666666666668,2.768567497171515,0.9736477115117892,15.714285714285714,16.285714285714285,18.285714285714285,16.142857142857146,16.36904761904762,1.3552618543578758,1.0123636363636364,15.285714285714286,17.857142857142858,20.571428571428573,63.75,66.73809523809523,0.9991492980170193,0.9482697110239031,64.42857142857143,64.71428571428571,64.14285714285714,0.0001575459260553802,0.029530978575564637,0.09314478942514604,0.008130647657822444,0.025382217604274837,0.010802700675168753,0.020066889632107232,0.11088628085795227,0.025924513915363878,0.029434850863422346,-0.0052681473103739496,4,15,0,0,0.03023679417122027,1
2019-04-15,43.57142857142857,1585630.857142857,17.142857142857142,1098522.142857143,14.428571428571429,824238.5714285715,64.85714285714286,3380342.285714286,2.828,70.9,114.495,42.964285714285715,40.702380952380956,2.944786699827881,1.0704884469143023,42.857142857142854,46.285714285714285,39.714285714285715,16.464285714285715,17.142857142857142,0.6102859818084014,1.0,16.714285714285715,15.714285714285714,21.714285714285715,16.035714285714285,16.273809523809526,1.499999999999999,0.8866130212143379,16.571428571428573,15.285714285714286,14.857142857142858,64.32142857142858,66.45238095238095,0.7130942443748641,0.9759942672877107,63.285714285714285,64.42857142857143,62.57142857142857,0.016726066145912266,-0.003093363329583765,0.06376594148537129,0.014857180962098177,0.029530978575564637,0.025382217604274837,0.03023679417122027,0.10989010989010972,0.020066889632107232,0.025924513915363878,0.0005024576734025121,4,16,0,0,0.004596888260254728,1
2019-04-22,52.142857142857146,2930071.5714285714,17.428571428571427,782572.0,15.142857142857142,951209.1428571428,66.57142857142857,2729765.8571428573,2.841,70.71,114.7694,46.214285714285715,41.70238095238095,4.21932708952929,1.25035683699686,43.57142857142857,42.857142857142854,39.142857142857146,16.75,17.226190476190474,0.7502833931708922,1.0117484450587422,17.142857142857142,16.714285714285715,16.285714285714285,15.357142857142858,16.071428571428573,0.892142571199768,0.9422222222222221,14.428571428571429,16.571428571428573,17.857142857142858,64.78571428571429,66.71428571428571,1.3627702877385008,0.9978586723768738,64.85714285714286,63.285714285714285,64.71428571428571,-0.05054654416367452,-0.002679830747531864,0.049576963039928534,0.017601146780835283,-0.003093363329583765,0.029530978575564637,0.004596888260254728,0.08311094166984367,0.03023679417122027,0.020066889632107232,0.0030790852066693297,4,17,0,0,0.016191481872579905,1
2019-04-29,45.714285714285715,2181056.5714285714,18.857142857142858,895888.1428571428,15.714285714285714,786456.8571428572,67.14285714285714,3370585.4285714286,2.887,71.22,115.5227,46.07142857142857,42.51190476190476,4.225771273642621,1.0753290394847383,52.142857142857146,43.57142857142857,46.285714285714285,17.535714285714285,17.428571428571427,0.9285714285714207,1.0819672131147542,17.428571428571427,17.142857142857142,15.714285714285714,15.464285714285715,16.166666666666668,0.9063269671749627,0.9720176730486008,15.142857142857142,14.428571428571429,15.285714285714286,65.46428571428571,66.47619047619048,1.7472037913292768,1.0100286532951288,66.57142857142857,64.85714285714286,64.42857142857143,-0.03483564473580553,0.007212558336868957,0.03097857556456285,0.015286808573441644,-0.002679830747531864,-0.003093363329583765,0.016191481872579905,0.07283537718320332,0.004596888260254728,0.03023679417122027,0.005102830961872806,4,18,0,0,0.003463803255975062,1
2019-05-06,51.42857142857143,2757139.0,17.285714285714285,967692.1428571428,15.857142857142858,809007.1428571428,64.0,2855057.0,2.897,71.95,115.3811,48.214285714285715,43.75,4.225771273642627,1.1755102040816328,45.714285714285715,52.142857142857146,42.857142857142854,17.678571428571427,17.416666666666668,0.7943251103624794,0.9924812030075186,18.857142857142858,17.428571428571427,16.714285714285715,15.285714285714285,16.0952380952381,0.6494372236659878,0.9852071005917158,15.714285714285714,15.142857142857142,16.571428571428573,65.64285714285714,66.04761904761905,1.4638501094228094,0.9689978370583994,67.14285714285714,66.57142857142857,63.285714285714285,-0.030549086184816637,0.010249929795001389,0.011670416197975264,0.006823306852614258,0.007212558336868957,-0.002679830747531864,0.003463803255975062,0.05537340619307818,0.016191481872579905,0.004596888260254728,0.0060319489263602755,5,19,1,0,-0.010700724887814927,0
2019-05-13,55.0,2484916.285714286,15.857142857142858,883734.1428571428,15.428571428571429,906148.5714285715,68.85714285714286,2816960.1428571427,2.866,72.35,115.915,51.07142857142857,45.107142857142854,3.890508247230576,1.2193190815518606,51.42857142857143,45.714285714285715,43.57142857142857,17.357142857142858,17.309523809523807,1.226132684722255,0.9160935350756535,17.285714285714285,18.857142857142858,17.142857142857142,15.535714285714285,16.083333333333332,0.31676511180118266,0.9592894152479645,15.857142857142858,15.714285714285714,14.428571428571429,66.64285714285714,65.69047619047619,2.0118695404074036,1.0482058716926423,64.0,67.14285714285714,64.85714285714286,-0.03572697589203025,0.005559416261292416,0.020451339915373623,0.005529336021496923,0.010249929795001389,0.007212558336868957,-0.010700724887814927,0.013437057991513512,0.003463803255975062,0.016191481872579905,0.01240228830953316,5,20,1,0,-0.004884856943475291,0
2019-05-20,49.714285714285715,2855685.5714285714,17.428571428571427,854152.1428571428,16.428571428571427,873981.5714285715,68.42857142857143,2704932.1428571427,2.852,73.21,116.3119,50.464285714285715,45.61904761904762,3.8569223922885016,1.0897703549060542,55.0,51.42857142857143,52.142857142857146,17.357142857142858,17.452380952380953,1.226132684722255,0.9986357435197816,15.857142857142858,17.285714285714285,17.428571428571427,15.857142857142858,16.166666666666668,0.42056004125369967,1.0162002945508097,15.428571428571429,15.857142857142858,15.142857142857142,67.10714285714286,65.69047619047619,2.195775164134214,1.041681768756796,68.85714285714286,64.0,66.57142857142857,-0.0365720404333604,0.01188666205943334,0.03535567812190643,0.002865303922382602,0.005559416261292416,0.010249929795001389,-0.004884856943475291,0.003871876099964755,-0.010700724887814927,0.003463803255975062,0.013439993587140764,5,21,1,0,-0.01051893408134641,0
2019-05-27,51.0,2687441.285714286,18.142857142857142,772263.0,16.714285714285715,815828.5714285715,68.42857142857143,3074823.0,2.822,67.98,116.0806,51.785714285714285,46.48809523809524,2.2632827882507898,1.097055057618438,49.714285714285715,55.0,45.714285714285715,17.178571428571427,17.571428571428573,0.9574271077563322,1.032520325203252,17.428571428571427,15.857142857142858,18.857142857142858,16.107142857142858,16.238095238095237,0.5758755534498916,1.0293255131964811,16.428571428571427,15.428571428571429,15.714285714285714,67.42857142857143,65.61904761904762,2.2946254863155886,1.0428156748911466,68.42857142857143,68.85714285714286,67.14285714285714,-0.0504291427273294,-0.07143832809725437,-0.04549283909014312,0.04042420061824904,0.01188666205943334,0.005559416261292416,-0.01051893408134641,-0.022514721163837903,-0.004884856943475291,-0.010700724887814927,0.004829353884561183,5,22,1,0,-0.005315379163713718,0
2019-06-03,52.0,2480866.4285714286,16.571428571428573,730031.2857142857,15.428571428571429,623648.1428571428,67.14285714285714,2865088.8571428573,2.807,63.16,116.4764,51.92857142857143,47.38095238095238,2.2512279340139663,1.0974874371859298,51.0,49.714285714285715,51.42857142857143,17.0,17.428571428571427,0.9965928350693447,0.9508196721311477,18.142857142857142,17.428571428571427,17.285714285714285,16.0,15.80952380952381,0.6700593942604858,0.9759036144578312,16.714285714285715,16.428571428571427,15.857142857142858,68.21428571428571,65.8690476190476,0.7423074889581562,1.0193385143683356,68.42857142857143,68.42857142857143,64.0,-0.010887309535811074,-0.07090320682553708,-0.12216817234190414,0.04619949687171109,-0.07143832809725437,0.01188666205943334,-0.005315379163713718,-0.031066620642043463,-0.01051893408134641,-0.004884856943475291,0.009492889216691447,6,23,1,0,-0.026718916993231145,0
2019-06-10,52.714285714285715,2524571.1428571427,15.571428571428571,803131.4285714285,17.285714285714285,1039566.2857142857,66.85714285714286,2305239.8571428573,2.732,64.31,115.5001,51.35714285714286,48.464285714285715,1.3014905113064896,1.0876934414148858,52.0,51.0,55.0,16.928571428571427,16.916666666666668,1.109636209307715,0.920478536242083,16.571428571428573,18.142857142857142,15.857142857142858,16.464285714285715,16.011904761904763,0.7770080415276494,1.0795539033457249,15.428571428571429,16.714285714285715,15.428571428571429,67.71428571428572,66.22619047619047,0.8329931278350823,1.0095272335071006,67.14285714285714,68.42857142857143,68.85714285714286,-0.02431327862744856,0.01820772640911983,-0.11112646855563224,0.04984528738540412,-0.07090320682553708,-0.07143832809725437,-0.026718916993231145,-0.04675505931612001,-0.005315379163713718,-0.01051893408134641,-0.0035793469352543017,6,24,1,0,-0.022693997071742467,0
2019-06-17,50.0,2859599.1428571427,16.571428571428573,880931.8571428572,16.285714285714285,792438.4285714285,65.14285714285714,2647229.5714285714,2.67,62.56,115.9684,51.42857142857143,49.36904761904762,1.183790751872183,1.0127803231251506,52.714285714285715,52.0,49.714285714285715,16.714285714285715,16.94047619047619,1.0626625525914932,0.978215038650738,15.571428571428571,16.571428571428573,17.428571428571427,16.42857142857143,15.88095238095238,0.7824607964359478,1.025487256371814,17.285714285714285,15.428571428571429,16.428571428571427,66.89285714285714,66.26190476190476,1.352121034714362,0.9831117499101688,66.85714285714286,67.14285714285714,68.42857142857143,0.00010140798553212593,-0.027211942155185853,-0.14547193006419878,0.04272519356282427,0.01820772640911983,-0.07090320682553708,-0.022693997071742467,-0.06381486676016823,-0.026718916993231145,-0.005315379163713718,-0.002953266174828162,6,25,1,0,-0.005992509363295873,0
2019-06-24,50.42857142857143,2261813.714285714,16.857142857142858,825219.1428571428,13.142857142857142,786508.1428571428,65.28571428571429,2342545.8571428573,2.654,65.16,114.6559,51.285714285714285,49.714285714285715,1.283066055743732,1.014367816091954,50.0,52.714285714285715,51.0,16.392857142857142,17.035714285714285,0.5639390134441469,0.989517819706499,16.571428571428573,15.571428571428571,18.142857142857142,15.535714285714285,15.70238095238095,1.7665639810999565,0.8369977255496589,16.285714285714285,17.285714285714285,16.714285714285715,66.10714285714286,66.33333333333333,1.0391977544188087,0.9842067480258436,65.14285714285714,66.85714285714286,68.42857142857143,0.04372747265651111,0.04156010230179019,-0.04148278905560465,0.04986277400813088,-0.027211942155185853,0.01820772640911983,-0.005992509363295873,-0.059532246633593244,-0.022693997071742467,-0.026718916993231145,-0.012273368676592011,6,26,1,0,0.022230595327807245,1
2019-07-01,55.0,2782855.5714285714,16.285714285714285,850871.0,15.142857142857142,776070.5714285715,67.0,2963461.4285714286,2.713,65.1,114.7239,52.035714285714285,50.726190476190474,2.307559301940737,1.0842525228819526,50.42857142857143,50.0,52.0,16.321428571428573,17.0,0.5517442964884077,0.9579831932773109,16.857142857142858,16.571428571428573,16.571428571428573,15.464285714285714,15.583333333333334,1.778078914404628,0.9717341482047364,13.142857142857142,16.285714285714285,15.428571428571429,66.07142857142858,66.64285714285715,0.993173981648284,1.005359056806002,65.28571428571429,65.14285714285714,67.14285714285714,-0.004832230292500461,-0.0009208103130755596,0.030715642811906196,0.029154225420425364,0.04156010230179019,-0.027211942155185853,0.022230595327807245,-0.03348770929818301,-0.005992509363295873,-0.022693997071742467,-0.015045966393192112,7,27,1,0,0.011057869517139718,1
2019-07-08,51.42857142857143,2464985.285714286,15.428571428571429,783522.0,15.571428571428571,759318.0,61.0,2600261.1428571427,2.743,64.89,115.0254,51.714285714285715,51.38095238095238,2.270784574774639,1.0009267840593143,55.0,50.42857142857143,52.714285714285715,16.285714285714285,16.857142857142858,0.617213399848371,0.9152542372881356,16.285714285714285,16.857142857142858,15.571428571428571,15.035714285714285,15.678571428571429,1.3470804914110148,0.9931662870159453,15.142857142857142,13.142857142857142,17.285714285714285,64.60714285714286,66.32142857142857,2.5485089678444455,0.9197630586968228,67.0,65.28571428571429,66.85714285714286,0.04272240823494547,-0.003225806451612856,0.009018815114290035,0.028594683341751408,-0.0009208103130755596,0.04156010230179019,0.011057869517139718,0.004026354319179859,0.022230595327807245,-0.005992509363295873,-0.004109953151555712,7,28,1,0,0.013124316441851969,1
2019-07-15,51.285714285714285,2559993.4285714286,19.714285714285715,855912.8571428572,16.285714285714285,868197.5714285715,64.57142857142857,2722331.0,2.779,66.86,114.6819,52.035714285714285,51.30952380952382,2.0249296620018313,0.99953596287703,51.42857142857143,55.0,50.0,17.07142857142857,17.047619047619047,1.8571428571428577,1.1564245810055866,15.428571428571429,16.285714285714285,16.571428571428573,15.035714285714285,15.773809523809524,1.3470804914110148,1.0324528301886793,15.571428571428571,15.142857142857142,16.285714285714285,64.46428571428572,66.15476190476191,2.5243710067245897,0.9760662227820766,61.0,67.0,65.14285714285714,-0.04111989921334311,0.030359069194020538,0.06873401534526846,0.022449121073090206,-0.003225806451612856,-0.0009208103130755596,0.013124316441851969,0.04082397003745308,0.011057869517139718,0.022230595327807245,-0.011093539274492081,7,29,1,0,-0.010435408420295,0
2019-07-22,48.0,2333561.714285714,14.0,669518.5714285715,12.714285714285714,573889.7142857143,65.57142857142857,2722608.5714285714,2.75,61.96,115.0018,51.42857142857143,51.5,2.8595228182862513,0.9320388349514563,51.285714285714285,51.42857142857143,50.42857142857143,16.357142857142854,16.642857142857142,2.4285714285714306,0.8412017167381974,19.714285714285715,15.428571428571429,16.857142857142858,14.928571428571429,15.523809523809524,1.549632390026,0.8190184049079754,16.285714285714285,15.571428571428571,13.142857142857142,64.53571428571428,66.02380952380952,2.559163872809054,0.9931482149296791,64.57142857142857,61.0,65.28571428571429,0.10364820711817294,-0.07328746634759198,-0.049109883364026996,0.04377961965352372,0.030359069194020538,-0.003225806451612856,-0.010435408420295,0.036171816126601364,0.013124316441851969,0.011057869517139718,0.0030168530359100387,7,30,1,0,-0.01272727272727281,0
2019-07-29,47.57142857142857,2461681.285714286,16.285714285714285,761312.2857142857,16.0,887066.7142857143,64.57142857142857,2871606.1428571427,2.715,62.29,115.5885,49.57142857142857,51.17857142857144,2.0701966780271617,0.9295184926727144,48.0,51.285714285714285,55.0,16.357142857142858,16.55952380952381,2.4285714285714306,0.9834651329978432,14.0,19.714285714285715,16.285714285714285,15.142857142857142,15.535714285714285,1.64544309934962,1.0298850574712644,12.714285714285714,16.285714285714285,15.142857142857142,63.92857142857143,66.07142857142857,2.0084854008535933,0.9772972972972973,65.57142857142857,64.57142857142857,67.0,0.01995850489022019,0.005326016785022647,-0.043164362519201194,0.04440256328291142,-0.07328746634759198,0.030359069194020538,-0.01272727272727281,0.0007371913011424702,-0.010435408420295,0.013124316441851969,0.007536354674134937,7,31,1,0,-0.009944751381215311,0
2019-08-05,52.714285714285715,2442249.4285714286,15.714285714285714,750580.5714285715,14.714285714285714,717069.2857142857,64.57142857142857,3096889.4285714286,2.688,59.32,116.5851,49.89285714285714,50.98809523809524,2.5081499808685734,1.0338547746906375,47.57142857142857,48.0,51.42857142857143,16.428571428571427,16.547619047619047,2.396142023887454,0.9496402877697842,16.285714285714285,14.0,15.428571428571429,14.928571428571427,15.476190476190476,1.6267324621465469,0.9507692307692307,16.0,12.714285714285714,15.571428571428571,64.82142857142857,65.71428571428572,0.4999999999998854,0.9826086956521738,64.57142857142857,65.57142857142857,61.0,0.020781752779543472,-0.047680205490447936,-0.08583757127446445,0.04752618363836632,0.005326016785022647,-0.07328746634759198,-0.009944751381215311,-0.020051039008384897,-0.01272727272727281,-0.010435408420295,0.013559613789649871,8,32,1,0,-0.023809523809523836,0
2019-08-12,50.142857142857146,2685672.4285714286,16.142857142857142,832426.4285714285,18.0,899466.1428571428,59.0,2449622.1428571427,2.624,57.13,116.7548,49.60714285714286,51.02380952380952,2.3571428571429447,0.9827344843677089,52.714285714285715,47.57142857142857,51.285714285714285,15.535714285714285,16.44047619047619,1.052208561618307,0.9818971759594497,15.714285714285714,16.285714285714285,19.714285714285715,15.357142857142858,15.607142857142856,2.2208045364497186,1.1533180778032037,14.714285714285714,16.0,16.285714285714285,63.42857142857143,64.92857142857143,2.9897785052080224,0.9086908690869087,64.57142857142857,64.57142857142857,64.57142857142857,-0.006660151804317754,-0.03691840863115303,-0.14552796889021835,0.032747248291942456,-0.047680205490447936,0.005326016785022647,-0.023809523809523836,-0.05577545879812873,-0.009944751381215311,-0.01272727272727281,0.01807521500777365,8,33,1,0,-0.009908536585365946,0
2019-08-19,51.142857142857146,2678382.4285714286,14.857142857142858,668128.8571428572,14.285714285714286,677267.2857142857,62.57142857142857,2634817.285714286,2.598,59.79,117.3886,50.392857142857146,51.035714285714285,2.1582778471055444,1.0020993701889434,50.142857142857146,52.714285714285715,48.0,15.75,16.166666666666668,0.642857142857149,0.9189985272459499,16.142857142857142,15.714285714285714,14.0,15.75,15.404761904761905,1.6675167899898213,0.9273570324574961,18.0,14.714285714285714,12.714285714285714,62.67857142857143,64.44047619047619,2.627367736821325,0.9709957509698873,59.0,64.57142857142857,65.57142857142857,0.04513732978443083,0.046560476107124105,-0.03502259522272433,0.04307007686221734,-0.03691840863115303,-0.047680205490447936,-0.009908536585365946,-0.05527272727272736,-0.023809523809523836,-0.009944751381215311,0.020754457756313238,8,34,1,0,-0.009237875288683584,0
2019-08-26,48.285714285714285,2469892.1428571427,18.571428571428573,916294.0,16.571428571428573,866785.0,67.42857142857143,2790428.1428571427,2.574,58.64,117.6658,50.57142857142857,50.726190476190474,1.855310451312319,0.9518892278807791,51.142857142857146,50.142857142857146,47.57142857142857,16.32142857142857,16.333333333333332,1.5923926292577122,1.1370262390670556,14.857142857142858,16.142857142857142,16.285714285714285,15.892857142857142,15.5,1.7197334075946997,1.0691244239631337,14.285714285714286,18.0,16.0,63.392857142857146,64.46428571428572,3.542501902312969,1.0459833795013849,62.57142857142857,59.0,64.57142857142857,-0.05100581760308831,-0.019233985616323723,-0.05859688553539888,0.04224598992087389,0.046560476107124105,-0.03691840863115303,-0.009237875288683584,-0.051933701657458586,-0.009908536585365946,-0.023809523809523836,0.01797151100671779,8,35,1,0,-0.004273504273504147,0
2019-09-02,50.57142857142857,2550989.5714285714,16.857142857142858,843629.2857142857,15.142857142857142,834475.1428571428,70.14285714285714,2838675.8571428573,2.563,58.55,118.1575,50.03571428571429,50.54761904761906,1.236491635485767,1.0004710315591143,48.285714285714285,51.142857142857146,52.714285714285715,16.607142857142858,16.44047619047619,1.5490835561536302,1.0253439536567706,18.571428571428573,14.857142857142858,15.714285714285714,16.0,15.321428571428571,1.6329931618554512,0.9883449883449883,16.571428571428573,14.285714285714286,14.714285714285714,64.78571428571428,64.73809523809524,4.968608943148157,1.0834865759470393,67.42857142857143,62.57142857142857,64.57142857142857,-0.02441163737697813,-0.0015347885402455796,-0.012980445043830113,0.03592676675934937,-0.019233985616323723,0.046560476107124105,-0.004273504273504147,-0.046502976190476164,-0.009237875288683584,-0.009908536585365946,0.013487143725913642,9,36,0,0,-0.005072181037846457,0
2019-09-09,46.285714285714285,2703266.1428571427,16.142857142857142,885177.1428571428,17.428571428571427,822508.0,63.857142857142854,2491255.5714285714,2.55,63.99,117.0601,49.07142857142857,50.23809523809524,2.229975137898778,0.9213270142180094,50.57142857142857,48.285714285714285,50.142857142857146,16.607142857142858,16.404761904761905,1.5490835561536302,0.9840348330914368,16.857142857142858,18.571428571428573,16.142857142857142,15.857142857142858,15.416666666666666,1.4093951035189267,1.1305019305019304,15.142857142857142,16.571428571428573,18.0,66.0,64.63095238095238,3.442432299414808,0.98802726100571,70.14285714285714,67.42857142857143,59.0,-0.005972759704271663,0.09291204099060635,0.12007701732889897,0.05049812678985922,-0.0015347885402455796,-0.019233985616323723,-0.005072181037846457,-0.02820121951219523,-0.004273504273504147,-0.009237875288683584,0.002614881786444867,9,37,0,0,0.0007843137254903709,1
2019-09-16,48.285714285714285,2556226.714285714,17.571428571428573,755236.0,15.285714285714286,870890.0,70.85714285714286,2952492.0,2.552,68.42,117.0251,48.357142857142854,50.05952380952382,1.7515784912143568,0.9645659928656359,46.285714285714285,50.57142857142857,51.142857142857146,17.285714285714285,16.464285714285715,1.0367400503370048,1.0672451193058567,16.142857142857142,16.857142857142858,14.857142857142858,16.107142857142858,15.595238095238095,1.0903098230338373,0.9801526717557253,17.428571428571427,15.142857142857142,14.285714285714286,68.07142857142858,65.09523809523809,3.1740872596657934,1.0885149963423557,63.857142857142854,70.14285714285714,62.57142857142857,-0.02511969506739342,0.06922956711986239,0.14433851814684728,0.05416367958376,0.09291204099060635,-0.0015347885402455796,0.0007843137254903709,-0.01770592763664347,-0.005072181037846457,-0.004273504273504147,-0.00309655281688348,9,38,0,0,0.03996865203761746,1
2019-09-23,50.57142857142857,2389878.0,17.142857142857142,726047.8571428572,15.714285714285714,547147.4285714285,65.85714285714286,2824093.5714285714,2.654,64.66,117.2986,48.92857142857143,49.6904761904762,2.0652617564002353,1.0177287973167224,48.285714285714285,46.285714285714285,48.285714285714285,16.92857142857143,16.535714285714285,0.6004533434723012,1.0367170626349893,17.571428571428573,16.142857142857142,18.571428571428573,15.892857142857142,15.642857142857144,1.0522085616183003,1.004566210045662,15.285714285714286,17.428571428571427,16.571428571428573,67.67857142857143,65.0,3.371297414720822,1.0131868131868131,70.85714285714286,63.857142857142854,67.42857142857143,-0.01804972079604672,-0.05495469161064026,0.10266030013642569,0.06747137910484828,0.06922956711986239,0.09291204099060635,0.03996865203761746,0.031080031080031212,0.0007843137254903709,-0.005072181037846457,-0.003120702872032588,9,39,0,0,-0.0045214770158251705,0
2019-09-30,49.142857142857146,2175538.5714285714,15.714285714285714,738375.5714285715,17.142857142857142,834621.8571428572,62.285714285714285,2782814.8571428573,2.642,60.99,117.9461,48.57142857142858,49.5,1.7918940687836176,0.9927849927849929,50.57142857142857,48.285714285714285,50.57142857142857,16.642857142857142,16.55952380952381,0.8611019676202415,0.948957584471603,17.142857142857142,17.571428571428573,16.857142857142858,16.392857142857142,15.773809523809524,1.0522085616183003,1.0867924528301887,15.714285714285714,15.285714285714286,15.142857142857142,65.71428571428572,65.10714285714286,3.7270841770189334,0.9566648381788261,65.85714285714286,70.85714285714286,70.14285714285714,0.0037000329335973303,-0.05675842870399006,0.04167378309137493,0.07964747241912616,-0.05495469161064026,0.06922956711986239,-0.0045214770158251705,0.03082325399921948,0.03996865203761746,0.0007843137254903709,-0.0017891373801917076,9,40,0,0,0.001135503406510363,1
2019-10-07,45.142857142857146,2152961.8571428573,18.857142857142858,795066.8571428572,15.571428571428571,881034.2857142857,63.42857142857143,3064264.5714285714,2.645,59.46,117.5533,48.285714285714285,48.988095238095234,2.297588206060054,0.9215066828675579,49.142857142857146,50.57142857142857,46.285714285714285,17.32142857142857,16.488095238095237,1.295596939086927,1.1436823104693141,15.714285714285714,17.142857142857142,16.142857142857142,15.928571428571429,15.714285714285715,0.8288997707394841,0.9909090909090909,17.142857142857142,15.714285714285714,17.428571428571427,65.60714285714286,65.01190476190476,3.803641291556,0.9756454861746934,62.285714285714285,65.85714285714286,63.857142857142854,-0.007935892605164058,-0.025086079685194274,-0.07079231129864039,0.059223215871983655,-0.05675842870399006,-0.05495469161064026,0.001135503406510363,0.0372549019607844,-0.0045214770158251705,0.03996865203761746,0.004213220388501249,10,41,0,0,-0.0060491493383743045,0
2019-10-14,44.0,2513023.4285714286,16.0,818278.5714285715,17.714285714285715,702835.1428571428,71.85714285714286,3079982.714285714,2.629,58.81,116.8239,47.214285714285715,48.6547619047619,3.14177470537277,0.9043308049914364,45.142857142857146,49.142857142857146,48.285714285714285,16.92857142857143,16.6547619047619,1.4261884887497052,0.9606862044317371,18.857142857142858,15.714285714285714,17.571428571428573,16.535714285714285,16.13095238095238,1.0586540035912235,1.0981549815498157,15.571428571428571,17.142857142857142,15.285714285714286,65.85714285714286,65.53571428571429,4.268218255294567,1.096457765667575,63.42857142857143,62.285714285714285,70.85714285714286,-0.014907439160141034,-0.010931718802556278,-0.14045600701549255,0.022614487512563453,-0.025086079685194274,-0.05675842870399006,-0.0060491493383743045,0.030172413793103425,0.001135503406510363,-0.0045214770158251705,-0.0017192892806756621,10,42,0,0,0.0034233548877899977,1
2019-10-21,53.857142857142854,2783211.714285714,19.857142857142858,994181.8571428572,18.142857142857142,885604.8571428572,65.57142857142857,2902260.285714286,2.638,58.95,116.0436,48.035714285714285,49.17857142857142,4.463571371419472,1.0951343500363109,44.0,45.142857142857146,50.57142857142857,17.607142857142858,16.952380952380953,2.0648499805498837,1.1713483146067416,16.0,18.857142857142858,17.142857142857142,17.142857142857142,16.30952380952381,1.124858267715972,1.1124087591240874,17.714285714285715,15.571428571428571,15.714285714285714,65.78571428571429,65.61904761904762,4.270608298368641,0.9992743105950652,71.85714285714286,63.42857142857143,65.85714285714286,-0.09454143359055128,0.002380547525930865,-0.0883080729972161,0.025384742004192832,-0.010931718802556278,-0.025086079685194274,0.0034233548877899977,-0.006028636021100264,-0.0060491493383743045,0.001135503406510363,-0.01069918993065555,10,43,0,0,-0.01592115238817282,0
2019-10-28,45.57142857142857,2408721.4285714286,18.0,742336.0,19.0,806639.2857142857,72.14285714285714,3309070.0,2.596,60.39,116.0222,47.14285714285714,48.583333333333336,4.525062483125607,0.9380053908355794,53.857142857142854,44.0,49.142857142857146,18.178571428571427,17.142857142857142,1.6387111245304462,1.05,19.857142857142858,16.0,15.714285714285714,17.607142857142858,16.666666666666668,1.4586127040472947,1.14,18.142857142857142,17.714285714285715,17.142857142857142,68.25,66.25000000000001,4.419152810734843,1.0889487870619943,65.57142857142857,71.85714285714286,62.285714285714285,-0.05423854447439341,0.02442748091603053,-0.009837678307919373,0.021055306016158595,0.002380547525930865,-0.010931718802556278,-0.01592115238817282,-0.017411052233156643,0.0034233548877899977,-0.0060491493383743045,-0.01631168813551276,10,44,0,0,0.003466872110939878,1
2019-11-04,44.142857142857146,2170637.714285714,18.714285714285715,964515.7142857143,18.285714285714285,761257.0,68.0,2565607.4285714286,2.605,62.52,115.8624,46.89285714285714,48.083333333333336,4.696756733057847,0.9180490220351573,45.57142857142857,53.857142857142854,45.142857142857146,18.142857142857142,17.357142857142858,1.6204475740165218,1.0781893004115226,18.0,19.857142857142858,18.857142857142858,18.285714285714285,16.69047619047619,0.5345224838248465,1.0955777460770328,19.0,18.142857142857142,15.571428571428571,69.39285714285714,67.0,3.1716752370827037,1.0149253731343284,72.14285714285714,65.57142857142857,63.42857142857143,-0.02668536041451028,0.035270740188773075,0.05146316851664978,0.02091164941156652,0.02442748091603053,0.002380547525930865,0.003466872110939878,-0.015122873345935761,-0.01592115238817282,0.0034233548877899977,-0.014384113419189437,11,45,0,0,0.0038387715930903177,1
2019-11-11,43.285714285714285,2251582.4285714286,17.428571428571427,862737.8571428572,16.285714285714285,759623.0,72.57142857142857,3049338.1428571427,2.615,62.58,116.3436,46.714285714285715,47.42857142857142,4.854340928523722,0.9126506024096386,44.142857142857146,45.57142857142857,44.0,18.5,17.57142857142857,1.0465362369445537,0.9918699186991871,18.714285714285715,18.0,16.0,17.928571428571427,16.857142857142858,1.1576424553469722,0.9661016949152541,18.285714285714285,19.0,17.714285714285715,69.57142857142857,67.83333333333333,3.3705406417497583,1.06984906984907,68.0,72.14285714285714,71.85714285714286,0.014882178531712587,0.0009596928982724684,0.06410474409114086,0.01687061593780892,0.035270740188773075,0.02442748091603053,0.0038387715930903177,-0.0053252187143399965,0.003466872110939878,-0.01592115238817282,-0.004111316263196163,11,46,0,0,-0.008795411089866256,0
2019-11-18,35.0,1013893.2857142857,19.285714285714285,900008.8571428572,16.142857142857142,822793.0,73.0,3030478.285714286,2.592,62.82,116.3625,42.0,46.32142857142858,4.76095228569528,0.7555898226676946,43.285714285714285,44.142857142857146,53.857142857142854,18.357142857142854,17.630952380952383,0.8123201004396016,1.0938555030384873,17.428571428571427,18.714285714285715,19.857142857142858,17.42857142857143,16.821428571428573,1.4333254231707044,0.959660297239915,16.285714285714285,18.285714285714285,18.142857142857142,71.42857142857143,68.29761904761905,2.31234486517691,1.068851316018825,72.57142857142857,68.0,65.57142857142857,0.0305107652587695,0.003835091083413289,0.06564885496183193,0.016497665947769236,0.0009596928982724684,0.035270740188773075,-0.008795411089866256,-0.0174374526156178,0.0038387715930903177,0.003466872110939878,0.0027481050225950376,11,47,0,0,-0.005015432098765427,0
2019-11-25,35.714285714285715,1179354.0,20.428571428571427,971525.8571428572,17.714285714285715,843124.7142857143,69.28571428571429,3150778.8571428573,2.579,64.67,117.0098,39.53571428571429,45.083333333333336,4.846451819434058,0.7921837866385001,35.0,43.285714285714285,45.57142857142857,18.96428571428571,17.928571428571427,1.247446371183768,1.1394422310756973,19.285714285714285,17.428571428571427,18.0,17.107142857142858,17.035714285714285,1.058654003591222,1.0398322851153041,16.142857142857142,16.285714285714285,19.0,70.71428571428571,68.22619047619047,2.4550378580285757,1.0155295759902288,73.0,72.57142857142857,72.14285714285714,0.003253030295067433,0.029449219993632703,0.07087266103659551,0.017500816092634132,0.003835091083413289,0.0009596928982724684,-0.005015432098765427,-0.006548536209553091,-0.008795411089866256,0.0038387715930903177,0.00851216405136257,11,48,0,0,-0.0015509887553315505,0
2019-12-02,39.285714285714285,1203035.7142857143,18.142857142857142,895699.8571428572,18.142857142857142,927113.8571428572,65.28571428571429,2518403.714285714,2.575,63.2,116.9647,38.32142857142857,44.5,3.803641291556075,0.8828250401284109,35.714285714285715,35.0,44.142857142857146,18.82142857142857,18.095238095238095,1.3164319949313275,1.0026315789473683,20.428571428571427,19.285714285714285,18.714285714285715,17.07142857142857,17.095238095238095,1.006779738660282,1.0612813370473537,17.714285714285715,16.142857142857142,18.285714285714285,70.03571428571428,68.3452380952381,3.574998216069165,0.9552342797422052,69.28571428571429,73.0,68.0,0.024506941033665464,-0.02273078707283127,0.010876519513755678,0.02134194330733038,0.029449219993632703,0.003835091083413289,-0.0015509887553315505,-0.011516314779270509,-0.005015432098765427,-0.008795411089866256,0.009513871627033543,12,49,0,1,-0.00543689320388363,0
2019-12-09,35.857142857142854,1161257.2857142857,17.142857142857142,806944.7142857143,18.714285714285715,797196.1428571428,66.85714285714286,3102487.4285714286,2.561,66.44,116.3283,36.464285714285715,43.464285714285715,1.9179602260140485,0.8249794576828265,39.285714285714285,35.714285714285715,43.285714285714285,18.75,18.059523809523807,1.4208122616986252,0.949241924851681,18.142857142857142,20.428571428571427,17.428571428571427,17.67857142857143,17.380952380952383,1.1027177311342284,1.0767123287671232,18.142857142857142,17.714285714285715,16.285714285714285,68.60714285714286,68.01190476190477,3.3591685884221247,0.9830211797654471,65.28571428571429,69.28571428571429,72.57142857142857,0.04151127723323053,0.051265822784809956,0.06168104825822951,0.031997030274959176,-0.02273078707283127,0.029449219993632703,-0.00543689320388363,-0.020650095602294583,-0.0015509887553315505,-0.005015432098765427,-0.00013150701886477378,12,50,0,1,-0.009761811792268649,0
2019-12-16,39.857142857142854,2027240.5714285714,18.857142857142858,855312.5714285715,16.571428571428573,620456.4285714285,71.71428571428571,2724527.0,2.536,68.04,115.555,37.67857142857143,42.57142857142858,2.1988710770770297,0.9362416107382548,35.857142857142854,39.285714285714285,35.0,18.642857142857142,18.202380952380953,1.3825934419959864,1.0359712230215827,17.142857142857142,18.142857142857142,19.285714285714285,17.785714285714285,17.452380952380953,0.9072647087265525,0.9495225102319237,18.714285714285715,18.142857142857142,16.142857142857142,68.28571428571429,68.5,2.816375825261133,1.0469238790406672,66.85714285714286,65.28571428571429,73.0,0.007835194241892884,0.02408187838651421,0.08309455587392556,0.031136013983828467,0.051265822784809956,-0.02273078707283127,-0.009761811792268649,-0.021604938271604923,-0.00543689320388363,-0.0015509887553315505,-0.0069395208937585995,12,51,0,1,-0.001577287066246047,0
2019-12-23,39.857142857142854,1219830.7142857143,17.571428571428573,797057.4285714285,17.857142857142858,1010340.7142857143,70.85714285714286,2849105.4285714286,2.532,67.49,115.8059,38.71428571428571,41.797619047619044,1.923715226354809,0.9535744802050697,39.857142857142854,35.857142857142854,35.714285714285715,17.928571428571427,18.357142857142858,0.7423074889580838,0.9571984435797666,18.857142857142858,17.142857142857142,20.428571428571427,17.821428571428573,17.511904761904763,0.9063269671749635,1.0197144799456153,16.571428571428573,18.714285714285715,17.714285714285715,68.67857142857143,69.21428571428571,3.0978926346001576,1.0237358101135192,71.71428571428571,66.85714285714286,69.28571428571429,0.0114441965390073,-0.008083480305702717,0.04360599969073742,0.033137823836643585,0.02408187838651421,0.051265822784809956,-0.001577287066246047,-0.01822411787514544,-0.009761811792268649,-0.00543689320388363,-0.010288881785970094,12,52,0,1,0.01540284360189581,1
2019-12-30,41.0,1498891.5714285714,21.571428571428573,1017113.7142857143,16.571428571428573,838071.0,71.71428571428571,2762846.5714285714,2.571,68.3,114.9631,39.14285714285714,41.45238095238095,2.255756053776687,0.9890867317633545,39.857142857142854,39.857142857142854,39.285714285714285,18.785714285714285,18.583333333333332,1.9948914348241278,1.1607943625880848,17.571428571428573,18.857142857142858,18.142857142857142,17.42857142857143,17.595238095238095,1.0497813183356446,0.9418132611637349,17.857142857142858,16.571428571428573,18.142857142857142,70.28571428571428,69.90476190476191,2.321153829895936,1.0258855585831061,70.85714285714286,71.71428571428571,65.28571428571429,-0.02939497852457007,0.012001778041191402,0.08069620253164556,0.02481083188686879,-0.008083480305702717,0.02408187838651421,0.01540284360189581,-0.0015533980582523865,-0.001577287066246047,-0.009761811792268649,-0.017112855417061645,12,1,0,1,0.002722676001555735,1
2020-01-06,43.857142857142854,1951370.142857143,17.714285714285715,818603.2857142857,17.142857142857142,723307.7142857143,72.0,3236235.285714286,2.578,70.25,114.9557,41.14285714285714,41.44047619047619,1.8880216763429207,1.0583165756966388,41.0,39.857142857142854,35.857142857142854,18.92857142857143,18.726190476190478,1.8534762339074735,0.9459631277813095,21.571428571428573,17.571428571428573,17.142857142857142,17.035714285714285,17.547619047619047,0.610285981808387,0.9769335142469471,16.571428571428573,17.857142857142858,18.714285714285715,71.57142857142857,69.91666666666667,0.4948716593051889,1.0297973778307508,71.71428571428571,70.85714285714286,66.85714285714286,-0.002752648888911552,0.028550512445095322,0.05734497290788676,0.016380464616425252,0.012001778041191402,-0.008083480305702717,0.002722676001555735,0.00663803201874269,0.01540284360189581,-0.001577287066246047,-0.011799364385106648,1,2,0,1,-0.003103180760279267,0
2020-01-13,36.857142857142854,751332.7142857143,16.571428571428573,820597.0,17.0,814677.4285714285,71.0,2792497.0,2.57,64.14,115.0342,40.39285714285714,40.023809523809526,2.895868509060671,0.9208804283164782,43.857142857142854,41.0,39.857142857142854,18.357142857142858,18.452380952380953,2.202348777113743,0.8980645161290324,17.714285714285715,21.571428571428573,18.857142857142858,17.142857142857142,17.452380952380953,0.5345224838248402,0.9740791268758526,17.142857142857142,16.571428571428573,16.571428571428573,71.39285714285714,70.36904761904762,0.5517442964882132,1.0089663339536457,72.0,71.71428571428571,71.71428571428571,0.04950239868124778,-0.08697508896797157,-0.05731922398589073,0.051141794992141595,0.028550512445095322,0.012001778041191402,-0.003103180760279267,0.0134069400630914,0.002722676001555735,0.01540284360189581,-0.004506944744926744,1,3,0,1,-0.012840466926069993,0
2020-01-20,40.714285714285715,1232009.4285714286,16.428571428571427,684998.1428571428,16.857142857142858,877143.4285714285,74.14285714285714,2755980.8571428573,2.537,64.63,115.0656,40.607142857142854,39.61904761904762,2.8746487510959398,1.0276442307692308,36.857142857142854,43.857142857142854,39.857142857142854,18.071428571428573,18.321428571428573,2.4032291201800997,0.8966861598440544,16.571428571428573,17.714285714285715,17.571428571428573,16.892857142857142,17.273809523809522,0.24397501823711382,0.9758787043418333,17.0,17.142857142857142,17.857142857142858,72.21428571428572,70.53571428571428,1.3527497820324896,1.0511392405063291,71.0,72.0,70.85714285714286,0.012162916134638074,0.007639538509510269,-0.042376648392354443,0.05230094891788965,-0.08697508896797157,0.028550512445095322,-0.012840466926069993,0.001974723538704648,-0.003103180760279267,0.002722676001555735,-0.006392593123493606,1,4,0,1,-0.012219156484036264,0
2020-01-27,39.0,1391036.0,16.285714285714285,766231.8571428572,15.285714285714286,734252.0,67.28571428571429,2546085.1428571427,2.506,58.54,115.8004,40.107142857142854,39.19047619047619,2.9563145837965044,0.9951397326852978,40.714285714285715,36.857142857142854,41.0,16.75,18.11904761904762,0.6533534635243917,0.8988173455978974,16.428571428571427,16.571428571428573,21.571428571428573,16.571428571428573,17.023809523809522,0.8650429583135639,0.8979020979020981,16.857142857142858,17.0,16.571428571428573,71.10714285714286,70.47619047619047,2.865167302875895,0.9547297297297299,74.14285714285714,71.0,71.71428571428571,0.06335277352124422,-0.09422868636855941,-0.14289897510980965,0.06340336657851191,0.007639538509510269,-0.08697508896797157,-0.012219156484036264,-0.02528199144301846,-0.012840466926069993,-0.003103180760279267,0.007283206524528296,1,5,0,1,-0.02035115722266545,0
2020-02-03,39.714285714285715,1603176.0,16.571428571428573,856626.5714285715,16.571428571428573,741135.7142857143,75.0,3391377.0,2.455,54.0,116.1172,39.07142857142857,38.892857142857146,1.6350747346086703,1.0211202938475665,39.0,40.714285714285715,43.857142857142854,16.464285714285715,18.047619047619047,0.13677530110806135,0.9182058047493404,16.285714285714285,16.428571428571427,17.714285714285715,16.42857142857143,17.047619047619047,0.7824607964359465,0.9720670391061453,15.285714285714286,16.857142857142858,17.142857142857142,71.85714285714286,70.67857142857143,3.4992710611187956,1.0611419909044972,67.28571428571429,74.14285714285714,72.0,0.006866217848112616,-0.07755380936112055,-0.23131672597864772,0.047439783060397964,-0.09422868636855941,0.007639538509510269,-0.02035115722266545,-0.04771140418929398,-0.012219156484036264,-0.012840466926069993,0.010103892194993414,2,6,0,1,-0.014663951120162944,0
2020-02-10,41.857142857142854,1933462.142857143,16.428571428571427,836355.8571428572,15.285714285714286,813522.2857142857,69.0,3285382.8571428573,2.419,53.39,116.5711,40.32142857142857,39.464285714285715,1.2419810814997454,1.0606334841628957,39.714285714285715,39.0,36.857142857142854,16.42857142857143,17.80952380952381,0.11664236870397868,0.9224598930481283,16.571428571428573,16.285714285714285,16.571428571428573,16.000000000000004,16.976190476190478,0.8329931278350395,0.9004207573632538,16.571428571428573,15.285714285714286,17.0,71.35714285714286,70.34523809523809,3.793119442100469,0.9808766288712135,75.0,67.28571428571429,71.0,0.033902309138627185,-0.011296296296296249,-0.16760212036170874,0.049614764674821246,-0.07755380936112055,-0.09422868636855941,-0.014663951120162944,-0.058754863813229474,-0.02035115722266545,-0.012219156484036264,0.013360374566868005,2,7,0,1,0.003720545680033105,1
2020-02-17,38.57142857142857,1395270.7142857143,18.714285714285715,774297.8571428572,20.0,991327.2857142857,70.57142857142857,3042978.1428571427,2.428,57.83,116.4223,39.785714285714285,39.70238095238095,1.4591955662901415,0.9715142428785607,41.857142857142854,39.714285714285715,40.714285714285715,17.0,17.666666666666668,1.1487941030299804,1.059299191374663,16.428571428571427,16.571428571428573,16.428571428571427,16.785714285714285,17.166666666666668,2.226922466874268,1.1650485436893203,15.285714285714286,16.571428571428573,16.857142857142858,70.46428571428572,70.45238095238095,3.3081531934026454,1.0016897600540724,69.0,75.0,74.14285714285714,-0.0493879344991541,0.08316164075669596,-0.10521429676620764,0.08050102319242652,-0.011296296296296249,-0.07755380936112055,0.003720545680033105,-0.04296413086322426,-0.014663951120162944,-0.02035115722266545,0.011790665498637276,2,8,0,1,0.01565074135090616,1
2020-02-24,41.857142857142854,2422781.4285714286,19.0,996680.0,15.714285714285714,821609.4285714285,64.57142857142857,2943537.1428571427,2.466,56.71,117.4018,40.5,39.916666666666664,1.6350747346086845,1.0486131822248732,38.57142857142857,41.857142857142854,39.0,17.67857142857143,17.738095238095237,1.3671311638052872,1.0711409395973155,18.714285714285715,16.428571428571427,16.285714285714285,16.892857142857142,16.964285714285715,2.13928273312456,0.9263157894736841,20.0,15.285714285714286,15.285714285714286,69.78571428571429,70.39285714285714,4.305509838101184,0.917300862506342,70.57142857142857,69.0,67.28571428571429,0.009157306549446298,-0.019367110496282147,-0.03126067646053976,0.06652367411715666,0.08316164075669596,-0.011296296296296249,0.01565074135090616,-0.01596169193934538,0.003720545680033105,-0.014663951120162944,0.013828967775586287,2,9,0,1,-0.01743714517437156,0
2020-03-02,41.857142857142854,2194858.1428571427,15.285714285714286,745778.0,15.571428571428571,774534.7142857143,61.714285714285715,2697474.714285714,2.423,52.52,116.8144,41.035714285714285,40.416666666666664,1.6428571428573182,1.0356406480117821,41.857142857142854,38.57142857142857,39.714285714285715,17.357142857142858,17.583333333333336,1.7975796274454128,0.869329722410291,19.0,18.714285714285715,16.571428571428573,16.642857142857142,16.702380952380953,2.2451762350716713,0.932287954383464,15.714285714285714,20.0,16.571428571428573,66.46428571428572,69.96428571428571,4.0597158172717345,0.88208269525268,64.57142857142857,70.57142857142857,75.0,0.0701647449854457,-0.07388467642391106,-0.027407407407407325,0.06522563453716951,-0.019367110496282147,0.08316164075669596,-0.01743714517437156,-0.013034623217922592,0.01565074135090616,0.003720545680033105,0.006004278435925103,3,10,0,0,-0.019810152703260475,0
2020-03-09,41.42857142857143,1965479.2857142857,19.285714285714285,1101962.857142857,15.285714285714286,692513.8571428572,69.14285714285714,3135895.4285714286,2.375,35.33,117.1871,40.92857142857142,40.547619047619044,1.5843623580586694,1.0217263652378157,41.857142857142854,41.857142857142854,41.857142857142854,18.07142857142857,17.61904761904762,1.8717375244793766,1.0945945945945945,15.285714285714286,19.0,16.428571428571427,16.642857142857142,16.5952380952381,2.2451762350716713,0.9210903873744618,15.571428571428571,15.714285714285714,15.285714285714286,66.5,69.75,4.08997446892546,0.991295442908346,61.714285714285715,64.57142857142857,69.0,-0.00717669752880451,-0.32730388423457735,-0.3382655928076419,0.17456521090084012,-0.07388467642391106,-0.019367110496282147,-0.019810152703260475,-0.01818933443571724,-0.01743714517437156,0.01565074135090616,0.00528432862004391,3,11,0,0,-0.05347368421052623,0
2020-03-16,39.285714285714285,2107084.4285714286,15.142857142857142,723963.5714285715,17.428571428571427,1005006.8571428572,67.71428571428571,3015475.4285714286,2.248,27.98,120.9352,41.10714285714286,40.5,1.23097770997267,0.9700176366843033,41.42857142857143,41.857142857142854,38.57142857142857,17.178571428571427,17.416666666666668,2.2719077062790927,0.8694463431305536,19.285714285714285,15.285714285714286,18.714285714285715,16.0,16.55952380952381,0.968904283303607,1.0524802300503233,15.285714285714286,15.571428571428571,20.0,65.78571428571428,69.48809523809523,3.3186752541000937,0.9744731882816516,69.14285714285714,61.714285714285715,70.57142857142857,0.03339565046329204,-0.2080384941975657,-0.516168078851807,0.13839463128257945,-0.32730388423457735,-0.07388467642391106,-0.05347368421052623,-0.07413509060955503,-0.019810152703260475,-0.01743714517437156,0.03876319227501934,3,12,0,0,-0.05693950177935947,0
2020-03-23,40.714285714285715,1743312.857142857,18.571428571428573,692401.2857142857,14.571428571428571,665650.2857142857,64.57142857142857,3221927.714285714,2.12,23.75,126.1262,40.82142857142857,40.476190476190474,1.1271238455759334,1.0058823529411764,39.285714285714285,41.42857142857143,41.857142857142854,17.07142857142857,17.166666666666668,2.1649653184131994,1.0818307905686546,15.142857142857142,19.285714285714285,19.0,15.714285714285714,16.392857142857142,1.2177820811947062,0.888888888888889,17.428571428571427,15.285714285714286,15.714285714285714,65.78571428571428,68.89285714285715,3.3186752541000937,0.9372731985484706,67.71428571428571,69.14285714285714,64.57142857142857,0.021531192263202353,-0.15117941386704792,-0.5812026097690002,0.10672005258540979,-0.2080384941975657,-0.32730388423457735,-0.05693950177935947,-0.14030819140308193,-0.05347368421052623,-0.019810152703260475,0.0743123188911925,3,13,0,0,-0.054245283018867996,0
2020-03-30,38.714285714285715,1573283.5714285714,17.0,932968.7142857143,15.285714285714286,701762.8571428572,64.85714285714286,2733020.714285714,2.005,19.19,123.2883,40.035714285714285,40.047619047619044,1.2528878206595444,0.9667063020214032,40.714285714285715,39.285714285714285,41.857142857142854,17.5,17.107142857142858,1.8387366263150264,0.9937369519832985,18.571428571428573,15.142857142857142,15.285714285714286,15.642857142857142,16.238095238095237,1.2371791482634835,0.9413489736070382,14.571428571428571,17.428571428571427,15.571428571428571,66.57142857142857,68.29761904761905,2.2253945610566355,0.9496252396723026,64.57142857142857,67.71428571428571,61.714285714285715,0.03714563317898939,-0.19199999999999995,-0.6346153846153846,0.07566797648074258,-0.15117941386704792,-0.2080384941975657,-0.054245283018867996,-0.1725134131242262,-0.05693950177935947,-0.05347368421052623,0.055420393376159005,3,14,0,0,-0.0403990024937656,0
2020-04-06,47.0,2854917.4285714286,18.857142857142858,821828.7142857143,18.571428571428573,879045.7142857143,62.57142857142857,2851715.714285714,1.924,22.58,124.16,41.42857142857143,40.892857142857146,3.808333147263353,1.1493449781659388,38.714285714285715,40.714285714285715,41.42857142857143,17.392857142857142,17.297619047619047,1.7078251276599288,1.0901582931865108,17.0,18.571428571428573,19.285714285714285,16.464285714285715,16.36904761904762,1.8566849252268458,1.1345454545454545,15.285714285714286,14.571428571428571,15.285714285714286,64.92857142857143,67.59523809523809,2.1173080071823187,0.9256780556533991,64.85714285714286,64.57142857142857,69.14285714285714,-0.07493169538782582,0.17665450755601864,-0.36088310217945085,0.18177972937495315,-0.19199999999999995,-0.15117941386704792,-0.0403990024937656,-0.18989473684210534,-0.054245283018867996,-0.05693950177935947,0.05950228310112626,4,15,0,0,-0.03690228690228692,0
2020-04-13,49.0,2739663.714285714,18.714285714285715,1092872.4285714286,20.857142857142858,952712.5714285715,64.85714285714286,3070890.714285714,1.853,20.23,122.5203,43.85714285714286,41.583333333333336,4.921146926767228,1.1783567134268536,47.0,38.714285714285715,39.285714285714285,18.28571428571429,17.488095238095237,0.8650429583135465,1.0701157249829818,18.857142857142858,17.0,15.142857142857142,17.321428571428573,16.702380952380953,2.9308933884434882,1.248752672843906,18.571428571428573,15.285714285714286,17.428571428571427,64.21428571428571,66.82142857142857,1.1034885929765539,0.9706039551042225,62.57142857142857,64.85714285714286,67.71428571428571,-0.11695726658949096,-0.1040744021257749,-0.2769835596854896,0.16678480642558735,0.17665450755601864,-0.19199999999999995,-0.03690228690228692,-0.17571174377224208,-0.0403990024937656,-0.054245283018867996,0.013107019296284328,4,16,0,0,-0.0221262817053427,0
2020-04-20,43.714285714285715,2505181.4285714286,20.285714285714285,817458.1428571428,19.285714285714285,1014060.8571428572,61.42857142857143,2831043.8571428573,1.812,17.36,123.1033,44.607142857142854,41.976190476190474,4.492435062314898,1.041406693136699,49.0,47.0,40.714285714285715,18.714285714285715,17.82142857142857,1.3451854182690797,1.1382765531062125,18.714285714285715,18.857142857142858,18.571428571428573,18.5,17.03571428571429,2.3459329403340123,1.132075471698113,20.857142857142858,18.571428571428573,14.571428571428571,63.42857142857143,66.33333333333333,1.7142857142855474,0.9260588657573583,64.85714285714286,62.57142857142857,64.57142857142857,-0.05945439592459567,-0.1418685121107267,-0.26905263157894743,0.16528870003703822,-0.1040744021257749,0.17665450755601864,-0.0221262817053427,-0.1452830188679245,-0.03690228690228692,-0.0403990024937656,-0.02396726453345932,4,17,0,0,-0.021523178807947074,0
2020-04-27,49.57142857142857,2415408.285714286,21.571428571428573,1137328.7142857143,21.857142857142858,1070677.4285714286,64.28571428571429,2991710.1428571427,1.773,15.17,123.8843,47.32142857142858,42.797619047619044,2.6454298931796543,1.1582753824756606,43.714285714285715,49.0,38.714285714285715,19.857142857142858,18.238095238095237,1.3451854182690717,1.182767624020888,20.285714285714285,18.714285714285715,17.0,20.142857142857142,17.476190476190478,1.489190073439212,1.2506811989100817,19.285714285714285,20.857142857142858,15.285714285714286,63.28571428571429,65.44047619047619,1.5735915849387043,0.9823540112788794,61.42857142857143,64.85714285714286,64.85714285714286,-0.14351955417137743,-0.12615207373271886,-0.2094841063053674,0.15114019022884892,-0.1418685121107267,-0.1040744021257749,-0.021523178807947074,-0.11571072319201992,-0.0221262817053427,-0.03690228690228692,0.004834197567814558,4,18,0,0,0.009024252679074918,1
2020-05-04,46.285714285714285,2967666.285714286,21.285714285714285,1255720.0,21.142857142857142,1063386.0,60.0,3330028.714285714,1.789,20.4,123.2117,47.14285714285714,43.166666666666664,2.6979458046125524,1.0722559293987866,49.57142857142857,43.714285714285715,47.0,20.464285714285715,18.642857142857142,1.2903356099846557,1.1417624521072798,21.571428571428573,20.285714285714285,18.857142857142858,20.785714285714285,17.964285714285715,1.0848367380851691,1.176938369781312,21.857142857142858,19.285714285714285,18.571428571428573,62.64285714285715,64.69047619047619,2.313815354905842,0.9274935590725064,64.28571428571429,61.42857142857143,62.57142857142857,-0.0796125775899712,0.34475939353988116,-0.09654561558901686,0.23490759343956197,-0.12615207373271886,-0.1418685121107267,0.009024252679074918,-0.07016632016632018,-0.021523178807947074,-0.0221262817053427,-0.007637725515463933,5,19,1,0,0.034656232532140896,1
2020-05-11,50.0,2635067.714285714,24.0,1185074.4285714286,21.0,1125000.0,61.0,2539826.285714286,1.851,25.53,123.2333,47.39285714285714,44.11904761904762,2.9609131704124176,1.1332973556395034,46.285714285714285,49.57142857142857,49.0,21.785714285714285,19.083333333333332,1.575751629311803,1.25764192139738,21.285714285714285,21.571428571428573,18.714285714285715,20.82142857142857,18.047619047619047,1.0903098230338162,1.1635883905013193,21.142857142857142,21.857142857142858,20.857142857142858,61.67857142857143,63.892857142857146,1.8382741092338883,0.9547233091112353,60.0,64.28571428571429,64.85714285714286,-0.1273127441623595,0.25147058823529433,0.26198714780029664,0.2524593463791089,0.34475939353988116,-0.12615207373271886,0.034656232532140896,-0.0010793308148947522,0.009024252679074918,-0.021523178807947074,0.0058194437982930225,5,20,1,0,0.014586709886547755,1
2020-05-18,50.0,2487020.1428571427,18.285714285714285,993416.8571428572,19.0,919647.1428571428,63.857142857142854,3684198.4285714286,1.878,33.3,122.7968,48.964285714285715,44.797619047619044,1.7971065179157695,1.1161307467446187,50.0,46.285714285714285,43.714285714285715,21.285714285714285,19.023809523809522,2.3415792101226924,0.9612015018773468,24.0,21.285714285714285,20.285714285714285,20.75,18.321428571428573,1.2254389745197667,1.037037037037037,21.0,21.142857142857142,19.285714285714285,62.285714285714285,63.833333333333336,2.109260437176056,1.000372995151063,61.0,60.0,61.42857142857143,-0.02868557020251633,0.3043478260869563,0.9182027649769584,0.21656764663867586,0.25147058823529433,0.34475939353988116,0.014586709886547755,0.0364238410596025,0.034656232532140896,0.009024252679074918,-0.0024897789092575007,5,21,1,0,0.04366347177848784,1
2020-05-25,46.142857142857146,2467975.714285714,19.571428571428573,815556.7142857143,19.285714285714285,819745.5714285715,68.28571428571429,3221610.8571428573,1.96,33.8,122.3211,48.107142857142854,45.154761904761905,2.186461123573567,1.021882414974954,50.0,50.0,49.57142857142857,20.785714285714285,19.38095238095238,2.4702309236843503,1.00982800982801,18.285714285714285,24.0,21.571428571428573,20.107142857142858,18.63095238095238,1.1210721301898423,1.0351437699680512,19.0,21.0,21.857142857142858,63.285714285714285,64.38095238095238,3.712453760677635,1.0606508875739646,63.857142857142854,61.0,64.28571428571429,-0.031876270586244926,0.01501501501501501,1.228081740276862,0.14761661127745004,0.3043478260869563,0.25147058823529433,0.04366347177848784,0.10547095318668931,0.014586709886547755,0.034656232532140896,-0.012618225231122882,5,22,1,0,0.0071428571428571175,1
2020-06-01,48.857142857142854,2475447.714285714,15.857142857142858,712640.5714285715,16.285714285714285,812828.7142857143,69.28571428571429,3468806.8571428573,1.974,36.74,120.2686,48.75,45.77380952380952,1.819677028979747,1.0673602080624187,46.142857142857146,50.0,46.285714285714285,19.42857142857143,19.095238095238095,3.4146542937138102,0.830423940149626,19.571428571428573,18.285714285714285,21.285714285714285,18.892857142857142,18.71428571428571,1.9496205805651607,0.8702290076335879,19.285714285714285,19.0,21.142857142857142,65.60714285714286,64.39285714285715,3.8727637831047006,1.0759844703272323,68.28571428571429,63.857142857142854,60.0,0.03900059345678378,0.08698224852071013,0.800980392156863,0.1359853567066982,0.01501501501501501,0.3043478260869563,0.0071428571428571175,0.10340972610396881,0.04366347177848784,0.014586709886547755,-0.023886530256460925,6,23,1,0,0.03140830800405281,1
2020-06-08,49.857142857142854,2631690.0,18.285714285714285,791596.5714285715,16.857142857142858,701446.7142857143,72.71428571428571,2966300.4285714286,2.036,39.66,118.6621,48.714285714285715,46.654761904761905,1.78809365290671,1.0686399591732585,48.857142857142854,46.142857142857146,50.0,18.0,19.357142857142858,1.5518257844571572,0.9446494464944649,15.857142857142858,19.571428571428573,24.0,17.857142857142858,18.666666666666668,1.5073515991756505,0.9030612244897959,16.285714285714285,19.285714285714285,21.0,68.53571428571429,64.80952380952381,3.6503191548099463,1.1219691403379866,69.28571428571429,68.28571428571429,61.0,-0.009579942623876458,0.079477408818726,0.553466509988249,0.12613451152381203,0.08698224852071013,0.01501501501501501,0.03140830800405281,0.09994597514856829,0.0071428571428571175,0.04366347177848784,-0.037093869919899936,6,24,1,0,0.03045186640471509,1
2020-06-15,51.42857142857143,2665770.714285714,16.428571428571427,687219.7142857143,13.285714285714286,570665.0,63.0,2816632.5714285714,2.098,39.44,119.9539,49.07142857142857,47.54761904761906,2.2208045364498634,1.0816224336504756,49.857142857142854,48.857142857142854,50.0,17.535714285714285,19.17857142857143,1.707825127659921,0.8566108007448788,18.285714285714285,15.857142857142858,18.285714285714285,16.42857142857143,18.55952380952381,2.4660966430902937,0.7158434894162925,16.857142857142858,16.285714285714285,19.0,68.32142857142858,64.67857142857143,4.02268228786655,0.9740474875759249,72.71428571428571,69.28571428571429,63.857142857142854,0.09296894715310705,-0.005547150781643917,0.18438438438438443,0.046192237501789885,0.079477408818726,0.08698224852071013,0.03045186640471509,0.11714589989350377,0.03140830800405281,0.0071428571428571175,-0.023151254755824247,6,25,1,0,0.014775977121067818,1
2020-06-22,53.714285714285715,2497710.1428571427,16.714285714285715,749116.2857142857,14.714285714285714,566918.4285714285,67.28571428571429,3002388.1428571427,2.129,43.2,119.7532,50.964285714285715,48.797619047619044,2.116906355275901,1.100756282020005,51.42857142857143,49.857142857142854,46.142857142857146,16.821428571428573,19.154761904761905,1.0391977544188034,0.8725916718458671,16.428571428571427,18.285714285714285,19.571428571428573,15.285714285714285,18.511904761904763,1.6120296076010279,0.7948553054662378,13.285714285714286,16.857142857142858,19.285714285714285,68.07142857142857,64.8809523809524,4.05657272989463,1.037064220183486,63.0,72.71428571428571,68.28571428571429,0.04868313012110101,0.09533468559837743,0.27810650887573973,0.04685576221488325,-0.005547150781643917,0.079477408818726,0.014775977121067818,0.08622448979591835,0.03045186640471509,0.03140830800405281,-0.020993107485135387,6,26,1,0,0.0211366838891498,1
2020-06-29,53.57142857142857,2223647.5714285714,16.857142857142858,642846.4285714285,15.142857142857142,629321.8571428572,61.42857142857143,2634788.714285714,2.174,41.58,120.6658,52.14285714285714,49.345238095238095,1.8479626582794542,1.0856453558504222,53.714285714285715,51.42857142857143,48.857142857142854,17.07142857142857,18.988095238095237,0.8288997707394651,0.8877742946708465,16.714285714285715,16.428571428571427,15.857142857142858,15.0,18.226190476190474,1.4708043058552915,0.8308295231874592,14.714285714285714,13.285714285714286,16.285714285714285,66.10714285714286,64.78571428571429,5.052614329693629,0.9481808158765159,67.28571428571429,63.0,69.28571428571429,0.06189250260368906,-0.03750000000000009,0.1317365269461077,0.06455458047177534,0.09533468559837743,-0.005547150781643917,0.0211366838891498,0.10131712259371839,0.014775977121067818,0.03045186640471509,0.003302607663180579,6,27,1,0,0.001379944802208044,1
2020-07-06,48.0,2494021.714285714,17.285714285714285,729674.1428571428,14.285714285714286,631514.7142857143,61.42857142857143,2822378.1428571427,2.177,42.73,119.2852,51.67857142857143,49.26190476190476,2.665922515217491,0.9743837602706622,53.57142857142857,53.714285714285715,49.857142857142854,16.82142857142857,18.86904761904762,0.3571428571428141,0.9160883280757096,16.857142857142858,16.714285714285715,18.285714285714285,14.357142857142858,17.678571428571427,0.7953949089757353,0.8080808080808082,15.142857142857142,14.714285714285714,16.857142857142858,63.28571428571429,64.5,2.767645921279985,0.9523809523809524,61.42857142857143,67.28571428571429,72.71428571428571,0.08726653779796689,0.027657527657527714,0.07740796772566827,0.056841471780614924,-0.03750000000000009,0.09533468559837743,0.001379944802208044,0.0692534381139489,0.0211366838891498,0.014775977121067818,0.005251044773352254,7,28,1,0,0.008268259072117479,1
2020-07-13,51.714285714285715,2587165.285714286,18.428571428571427,738167.7142857143,11.857142857142858,468262.14285714284,64.28571428571429,2716081.1428571427,2.195,42.85,119.1891,51.75,49.92857142857144,2.6608141560037244,1.0357653791130184,48.0,53.57142857142857,51.42857142857143,17.32142857142857,18.714285714285715,0.7770080415276279,0.9847328244274808,17.285714285714285,16.857142857142858,16.428571428571427,14.0,17.05952380952381,1.4708043058552975,0.6950453593859037,14.285714285714286,15.142857142857142,13.285714285714286,63.60714285714286,64.73809523809524,2.7978976558331294,0.9930121368150056,61.42857142857143,61.42857142857143,63.0,0.0728610750646479,0.002808331383103324,0.08646044624746452,0.055733087998481236,0.027657527657527714,-0.03750000000000009,0.008268259072117479,0.04623450905624393,0.001379944802208044,0.0211366838891498,-0.006375782696519283,7,29,1,0,-0.004100227790432731,0
2020-07-20,51.57142857142857,2461521.1428571427,16.714285714285715,657703.0,13.714285714285714,561133.4285714285,68.57142857142857,3090722.0,2.186,43.3,119.0483,51.214285714285715,50.0952380952381,2.328469176837795,1.029467680608365,51.714285714285715,48.0,53.714285714285715,17.321428571428573,18.30952380952381,0.7770080415276279,0.9128738621586476,18.428571428571427,17.285714285714285,16.714285714285715,13.75,16.38095238095238,1.3917883567310128,0.8372093023255814,11.857142857142858,14.285714285714286,14.714285714285714,63.92857142857143,65.09523809523809,3.3755825901803598,1.0534016093635699,64.28571428571429,61.42857142857143,67.28571428571429,0.04176188638595904,0.010501750291715295,0.0023148148148146586,0.0276064982800147,0.002808331383103324,0.027657527657527714,-0.004100227790432731,0.026773132926256382,0.008268259072117479,0.001379944802208044,-0.005886272767658851,7,30,1,0,-0.005032021957914079,0
2020-07-27,54.142857142857146,2308173.714285714,16.142857142857142,699647.4285714285,13.0,531591.8571428572,64.14285714285714,2924933.285714286,2.175,43.39,117.3869,51.357142857142854,50.75,2.530091015006848,1.0668543279380718,51.57142857142857,51.714285714285715,53.57142857142857,17.142857142857142,17.880952380952383,0.9759000729485139,0.9027962716378161,16.714285714285715,18.428571428571427,16.857142857142858,13.214285714285715,15.70238095238095,1.0465362369445914,0.8278999241849887,13.714285714285714,11.857142857142858,15.142857142857142,64.60714285714286,65.44047619047619,2.951708832864975,0.9801710023649263,68.57142857142857,64.28571428571429,61.42857142857143,0.0555696184685493,0.002078521939953948,0.04353054353054353,0.01189103611340133,0.010501750291715295,0.002808331383103324,-0.005032021957914079,0.0004599816007360147,-0.004100227790432731,0.008268259072117479,-0.02717339958795295,7,31,1,0,0.0004597701149426925,1
2020-08-03,54.857142857142854,2625300.285714286,17.571428571428573,595617.5714285715,12.571428571428571,492525.4285714286,61.142857142857146,3013216.5714285714,2.176,43.76,117.8074,53.07142857142858,51.154761904761905,1.67616341969526,1.072376076332325,54.142857142857146,51.57142857142857,48.0,17.214285714285715,17.345238095238095,0.9999999999999812,1.0130404941660949,16.142857142857142,16.714285714285715,17.285714285714285,12.785714285714285,15.0,0.7781016494461427,0.8380952380952381,13.0,13.714285714285714,14.285714285714286,64.53571428571428,65.45238095238095,3.055885366657128,0.9341578755911242,64.14285714285714,68.57142857142857,61.42857142857143,0.03558257895380448,0.008527310440193503,0.024104844371635847,0.004171970952042626,0.002078521939953948,0.010501750291715295,0.0004597701149426925,-0.00045934772622868714,-0.005032021957914079,-0.004100227790432731,-0.01238879592774289,8,32,1,0,-0.004595588235294268,0
2020-08-10,56.142857142857146,2666742.5714285714,15.428571428571429,570666.5714285715,11.857142857142858,494575.71428571426,62.42857142857143,3024376.5714285714,2.166,44.19,117.5821,54.17857142857143,51.666666666666664,1.925040860066582,1.086635944700461,54.857142857142854,54.142857142857146,51.714285714285715,16.464285714285715,17.107142857142858,0.9063269671749465,0.9018789144050104,17.571428571428573,16.142857142857142,18.428571428571427,12.785714285714286,14.404761904761905,0.7781016494461427,0.8231404958677686,12.571428571428571,13.0,11.857142857142858,64.07142857142857,65.33333333333334,3.241944490831415,0.955539358600583,61.142857142857146,64.14285714285714,64.28571428571429,0.05820132160654423,0.009826325411334436,0.03127187864644099,0.0038579804627284905,0.008527310440193503,0.002078521939953948,-0.004595588235294268,-0.013211845102505615,0.0004597701149426925,-0.005032021957914079,-0.013482776529061824,8,33,1,0,0.0,0
2020-08-17,56.857142857142854,2765741.4285714286,15.714285714285714,623307.5714285715,12.142857142857142,564929.4285714285,59.0,2549516.1428571427,2.166,44.91,116.749,55.5,52.55952380952382,1.2261326847225538,1.081766704416761,56.142857142857146,54.857142857142854,51.57142857142857,16.214285714285715,16.78571428571429,0.9511897312113241,0.9361702127659572,15.428571428571429,17.571428571428573,16.714285714285715,12.392857142857142,13.80952380952381,0.5000000000000687,0.8793103448275861,11.857142857142858,12.571428571428571,13.714285714285714,61.67857142857143,64.55952380952381,2.1677129864989606,0.913885303337636,62.42857142857143,61.142857142857146,68.57142857142857,0.04721685866301495,0.016293279022403295,0.03718244803695159,0.005827333921471122,0.009826325411334436,0.008527310440193503,0.0,-0.009149130832570962,-0.004595588235294268,0.0004597701149426925,-0.019314009523865527,8,34,1,0,0.007386888273314796,1
2020-08-24,49.857142857142854,2263619.8571428573,15.714285714285714,658594.8571428572,13.571428571428571,640544.7142857143,64.0,2636590.285714286,2.182,44.43,116.912,54.42857142857143,52.64285714285714,3.157972310779019,0.9470827679782904,56.857142857142854,56.142857142857146,54.142857142857146,16.107142857142858,16.773809523809522,0.9854381945987869,0.936834634492548,15.714285714285714,15.428571428571429,16.142857142857142,12.535714285714285,13.583333333333334,0.750283393170935,0.9991235758106923,12.142857142857142,11.857142857142858,13.0,61.64285714285714,64.11904761904762,2.114092655278277,0.9981433345711103,59.0,62.42857142857143,64.14285714285714,0.029703921786839754,-0.010688042752170945,0.023968656372435948,0.011625690019239007,0.016293279022403295,0.009826325411334436,0.007386888273314796,0.003218390804597737,0.0,-0.004595588235294268,-0.004045596229221404,8,35,1,0,0.01833180568285986,1
2020-08-31,46.57142857142857,2202797.0,16.857142857142858,661889.0,15.428571428571429,535623.5714285715,66.42857142857143,2638748.0,2.222,45.22,115.7586,52.357142857142854,52.36904761904761,4.976817003165164,0.8892930211411685,49.857142857142854,56.857142857142854,54.857142857142854,15.928571428571429,16.654761904761905,0.6335302236023572,1.0121515368120086,15.714285714285714,15.714285714285714,17.571428571428573,13.25,13.464285714285715,1.6345545899366718,1.145888594164456,13.571428571428571,12.142857142857142,12.571428571428571,62.96428571428571,63.595238095238095,3.1132261194374906,1.0445526020217148,64.0,59.0,61.142857142857146,-0.02297143853483702,0.017780778753094806,0.03336380255941496,0.013123173829059372,-0.010688042752170945,0.016293279022403295,0.01833180568285986,0.02113970588235281,0.007386888273314796,0.0,-0.017391097672981526,8,36,1,0,-0.004950495049504955,0
2020-09-07,52.285714285714285,2349687.1428571427,17.428571428571427,638884.1428571428,14.571428571428571,695047.0,62.42857142857143,2428745.8571428573,2.211,40.67,116.0347,51.39285714285714,52.44047619047618,4.330519756397015,0.9970488081725314,46.57142857142857,49.857142857142854,56.142857142857146,16.428571428571427,16.738095238095237,0.8571428571428369,1.0412517780938833,16.857142857142858,15.714285714285714,15.428571428571429,13.928571428571427,13.57142857142857,1.4118063886070205,1.073684210526316,15.428571428571429,13.571428571428571,11.857142857142858,62.964285714285715,63.547619047619044,3.1132261194374906,0.9823904083926566,66.42857142857143,64.0,62.42857142857143,-0.023593801296346806,-0.10061919504643957,-0.07965603077619365,0.055763915094241966,0.017780778753094806,-0.010688042752170945,-0.004950495049504955,0.020775623268697974,0.01833180568285986,0.007386888273314796,-0.01316016638586992,9,37,0,0,-0.012663952962460479,0
2020-09-14,51.714285714285715,2491000.0,17.428571428571427,674936.8571428572,12.428571428571429,451985.5714285714,59.42857142857143,2519922.285714286,2.183,38.57,115.6428,50.107142857142854,52.27380952380952,2.5750635683324403,0.9892962878615351,52.285714285714285,46.57142857142857,56.857142857142854,16.857142857142854,16.797619047619047,0.8081220356417478,1.0375620127569098,17.428571428571427,16.857142857142858,15.714285714285714,14.0,13.380952380952381,1.2936264483053566,0.9288256227758007,14.571428571428571,15.428571428571429,12.142857142857142,63.07142857142857,62.89285714285714,2.9335033964306683,0.9449176604202159,62.42857142857143,66.42857142857143,59.0,0.024849604046384616,-0.05163511187607572,-0.14117123135159204,0.051487303040267496,-0.10061919504643957,0.017780778753094806,-0.012663952962460479,0.007848568790397081,-0.004950495049504955,0.01833180568285986,-0.009475027623362942,9,38,0,0,-0.006871278057718588,0
2020-09-21,52.42857142857143,2381750.5714285714,16.0,590119.2857142857,11.714285714285714,424815.0,64.85714285714286,2460086.4285714286,2.168,40.37,116.378,50.75,52.17857142857142,2.802756175066142,1.0047912388774813,51.714285714285715,52.285714285714285,49.857142857142854,16.928571428571427,16.726190476190478,0.6751165180360614,0.9565836298932383,17.428571428571427,17.428571428571427,15.714285714285714,13.535714285714286,13.095238095238097,1.7510929531616208,0.8945454545454544,12.428571428571429,14.571428571428571,13.571428571428571,63.28571428571429,63.17857142857142,3.052822938061751,1.0265686828716791,59.42857142857143,62.42857142857143,64.0,0.0293777484530367,0.04666839512574539,-0.09137969840198068,0.06672597455195181,-0.05163511187607572,-0.10061919504643957,-0.006871278057718588,-0.006416131989000817,-0.012663952962460479,-0.004950495049504955,-0.0045675379772821545,9,39,0,0,0.00046125461254598044,1
2020-09-28,53.0,2461883.5714285714,15.142857142857142,576738.1428571428,13.428571428571429,578367.5714285715,66.0,2729819.8571428573,2.169,41.59,117.6178,52.35714285714286,52.595238095238095,0.5281207860201539,1.0076957899502037,52.42857142857143,51.714285714285715,46.57142857142857,16.5,16.547619047619047,1.1278780268882687,0.9151079136690647,16.0,17.428571428571427,16.857142857142858,13.035714285714286,13.023809523809524,1.2419810814995433,1.0310786106032908,11.714285714285714,12.428571428571429,15.428571428571429,63.17857142857143,63.55952380952382,2.9099290497930435,1.0383967035025283,64.85714285714286,59.42857142857143,66.42857142857143,0.0019302455687281173,0.030220460738171973,-0.08027421494913745,0.06943014412048017,0.04666839512574539,-0.05163511187607572,0.00046125461254598044,-0.023852385238523843,-0.006871278057718588,-0.012663952962460479,0.016061009721955788,9,40,0,0,0.0013831258644536604,1
2020-10-05,53.285714285714285,2364358.0,14.571428571428571,483964.0,13.285714285714286,481725.14285714284,63.42857142857143,2640760.285714286,2.172,39.78,116.1767,52.60714285714286,52.726190476190474,0.6937524897306706,1.0106118762700385,53.0,52.42857142857143,52.285714285714285,15.785714285714285,16.226190476190474,1.2426655572094925,0.8980190755685987,15.142857142857142,16.0,17.428571428571427,12.714285714285714,13.14285714285714,0.7996597916070235,1.0108695652173916,13.428571428571429,11.714285714285714,14.571428571428571,63.42857142857143,63.48809523809524,2.866650846341326,0.9990624414025876,66.0,64.85714285714286,62.42857142857143,0.020359260385345912,-0.04352007694157256,-0.021883452176051144,0.05022609712225051,0.030220460738171973,0.04666839512574539,0.0013831258644536604,-0.017639077340569798,0.00046125461254598044,-0.006871278057718588,0.0012237718544538811,10,41,0,0,-0.002302025782688899,0
2020-10-12,54.57142857142857,2326994.0,17.714285714285715,633226.4285714285,13.857142857142858,508615.14285714284,57.42857142857143,2186760.285714286,2.167,40.5,115.2757,53.32142857142857,52.976190476190474,0.9063269671753625,1.0301123595505617,53.285714285714285,53.0,51.714285714285715,15.857142857142858,16.309523809523807,1.3702375780893314,1.086131386861314,14.571428571428571,15.142857142857142,17.428571428571427,13.071428571428573,13.154761904761905,0.9367769320431716,1.053393665158371,13.285714285714286,13.428571428571429,12.428571428571429,62.92857142857143,62.55952380952382,3.8145799779481337,0.9179828734538534,63.42857142857143,66.0,59.42857142857143,-0.02190507125602506,0.018099547511312153,0.050038890329271446,0.03937240535994885,-0.04352007694157256,0.030220460738171973,-0.002302025782688899,-0.007329363261566635,0.0013831258644536604,0.00046125461254598044,-0.0031744302282545878,10,42,0,0,-0.00784494693124127,0
2020-10-19,49.285714285714285,2407535.1428571427,15.142857142857142,565660.1428571428,11.142857142857142,482185.4285714286,63.142857142857146,2821670.714285714,2.15,41.29,115.4031,52.53571428571428,52.57142857142858,2.2719077062792503,0.9374999999999999,54.57142857142857,53.285714285714285,52.42857142857143,15.642857142857142,16.226190476190474,1.4069796859708543,0.9332355099046222,17.714285714285715,14.571428571428571,16.0,12.928571428571429,13.0,1.2149857925879357,0.8571428571428571,13.857142857142858,13.285714285714286,11.714285714285714,62.50000000000001,62.47619047619048,3.6168539717634087,1.0106707317073171,57.42857142857143,63.42857142857143,64.85714285714286,0.06536272531130091,0.019506172839506064,0.022789199900916657,0.0335045323724043,0.018099547511312153,-0.04352007694157256,-0.00784494693124127,-0.008302583025830312,-0.002302025782688899,0.0013831258644536604,-0.008377012837477937,10,43,0,0,-0.0032558139534883956,0
2020-10-26,55.857142857142854,2446977.285714286,16.571428571428573,578365.7142857143,13.285714285714286,652877.2857142857,58.714285714285715,2479803.0,2.143,39.06,115.2797,53.24999999999999,52.6547619047619,2.843718462485037,1.0608184490165047,49.285714285714285,54.57142857142857,53.0,16.0,16.142857142857142,1.4190156595953503,1.0265486725663717,15.142857142857142,17.714285714285715,15.142857142857142,12.892857142857142,13.05952380952381,1.1973610438743254,1.0173199635369188,11.142857142857142,13.857142857142858,13.428571428571429,60.67857142857143,62.27380952380952,3.058110661229596,0.9428407570254255,63.142857142857146,57.42857142857143,66.0,-0.011881960536305164,-0.05400823443933145,-0.06083193075258475,0.039248319090433255,0.019506172839506064,0.018099547511312153,-0.0032558139534883956,-0.011987090825265168,-0.00784494693124127,-0.002302025782688899,-0.019878793856031973,10,44,0,0,-0.014465702286514115,0
2020-11-02,52.57142857142857,2453422.714285714,15.857142857142858,726599.0,13.428571428571429,589860.0,66.0,2803244.8571428573,2.112,37.78,116.2361,53.07142857142857,52.357142857142854,2.8630890505824884,1.004092769440655,55.857142857142854,49.285714285714285,53.285714285714285,16.321428571428573,16.178571428571427,1.0965313275875492,0.980132450331126,16.571428571428573,15.142857142857142,14.571428571428571,12.928571428571429,13.19047619047619,1.2149857925879357,1.0180505415162455,13.285714285714286,11.142857142857142,13.285714285714286,61.32142857142857,62.57142857142858,3.964768310393636,1.0547945205479452,58.714285714285715,63.142857142857146,63.42857142857143,-0.014267570458992906,-0.032770097286226374,-0.0502765208647562,0.036943049120724034,-0.05400823443933145,0.019506172839506064,-0.014465702286514115,-0.027624309392265234,-0.0032558139534883956,-0.00784494693124127,0.0005112901296042693,11,45,0,0,-0.007575757575757569,0
2020-11-09,47.57142857142857,2374516.8571428573,15.571428571428571,594929.7142857143,14.285714285714286,638736.0,66.85714285714286,2298235.8571428573,2.096,40.93,114.0895,51.32142857142857,51.583333333333336,3.667053164540338,0.9222247865220401,52.57142857142857,55.857142857142854,54.57142857142857,15.785714285714286,16.166666666666668,0.6004533434722683,0.963181148748159,15.857142857142858,16.571428571428573,17.714285714285715,13.035714285714286,13.369047619047619,1.336942394415874,1.068566340160285,13.428571428571429,13.285714285714286,13.857142857142858,63.67857142857143,63.226190476190474,3.670761473579817,1.0574279796648467,66.0,58.714285714285715,57.42857142857143,-0.0028500637738326784,0.08337744838538907,0.01061728395061734,0.061259593137295884,-0.032770097286226374,-0.05400823443933145,-0.007575757575757569,-0.03276419012459608,-0.014465702286514115,-0.0032558139534883956,-0.01029011318083517,11,46,0,0,0.007156488549618478,1
2020-11-16,44.285714285714285,1633790.7142857143,19.571428571428573,772021.1428571428,14.142857142857142,657063.4285714285,65.71428571428571,2890101.8571428573,2.111,42.71,113.8312,50.07142857142857,51.11904761904762,5.1461629586789766,0.8663251047973917,47.57142857142857,52.57142857142857,49.285714285714285,16.892857142857142,16.488095238095237,1.834569774771016,1.1870036101083035,15.571428571428571,15.857142857142858,15.142857142857142,13.785714285714286,13.416666666666666,0.5016977977549275,1.0541259982253772,14.285714285714286,13.428571428571429,11.142857142857142,64.32142857142857,63.36904761904762,3.7695070862738613,1.037009205335337,66.85714285714286,66.0,63.142857142857146,-0.036115979616602345,0.04348888345956503,0.03439089367885684,0.06437413716917485,0.08337744838538907,-0.032770097286226374,0.007156488549618478,-0.018139534883720776,-0.007575757575757569,-0.014465702286514115,-0.01362095125694196,11,47,0,0,-0.004263382283278272,0
2020-11-23,40.142857142857146,1236770.857142857,14.142857142857142,486581.5714285714,15.428571428571429,677918.4285714285,67.57142857142857,2565941.0,2.102,45.0,113.7548,46.142857142857146,50.583333333333336,5.254088139427366,0.7935984937632384,44.285714285714285,47.57142857142857,55.857142857142854,16.285714285714285,16.261904761904763,2.315284910693938,0.8696925329428989,19.571428571428573,15.571428571428571,16.571428571428573,14.321428571428573,13.416666666666666,0.827873269081619,1.1499556344276842,14.142857142857142,14.285714285714286,13.285714285714286,66.53571428571428,63.464285714285715,0.8441475191061183,1.064715813168261,65.71428571428571,66.85714285714286,58.714285714285715,0.030509381424479343,0.053617419808007494,0.1520737327188939,0.04945354030212227,0.04348888345956503,0.08337744838538907,-0.004263382283278272,-0.019132057862809138,0.007156488549618478,-0.007575757575757569,-0.013227827622729782,11,48,0,0,0.008563273073263655,1
2020-11-30,41.857142857142854,1053678.5714285714,18.428571428571427,629019.8571428572,13.714285714285714,569090.5714285715,69.14285714285714,2586301.285714286,2.12,46.84,113.2256,43.46428571428571,49.714285714285715,3.2227402038900466,0.8419540229885056,40.142857142857146,44.285714285714285,52.57142857142857,16.928571428571427,16.3452380952381,2.505775641318637,1.1274581209031316,14.142857142857142,19.571428571428573,15.857142857142858,14.392857142857142,13.345238095238097,0.7319250547114146,1.0276538804638713,15.428571428571429,14.142857142857142,13.428571428571429,67.32142857142857,64.02380952380953,1.4351041110397513,1.0799553737448864,67.57142857142857,65.71428571428571,66.0,-0.01925534952509872,0.040888888888888975,0.2398094229751191,0.019479470647633505,0.053617419808007494,0.04348888345956503,0.008563273073263655,0.0037878787878788955,-0.004263382283278272,0.007156488549618478,-0.02589987103834346,11,49,0,0,0.016981132075471805,1
2020-12-07,48.0,2309677.8571428573,16.857142857142858,584404.4285714285,16.0,652496.0,64.14285714285714,2180494.8571428573,2.156,48.63,111.8385,43.57142857142857,49.404761904761905,3.4066761185753043,0.9715662650602409,41.857142857142854,40.142857142857146,47.57142857142857,17.25,16.297619047619047,2.3513637669713794,1.0343316289262237,18.428571428571427,14.142857142857142,15.571428571428571,14.821428571428571,13.642857142857144,1.071428571428577,1.1727748691099475,13.714285714285714,15.428571428571429,14.285714285714286,66.64285714285714,64.41666666666667,2.177497783842471,0.9957493993716502,69.14285714285714,67.57142857142857,66.85714285714286,-0.043605540617015576,0.03821520068317685,0.18812606889811878,0.006730226669690404,0.040888888888888975,0.053617419808007494,0.016981132075471805,0.028625954198473247,0.008563273073263655,-0.004263382283278272,-0.019730124156911888,12,50,0,1,0.0009276437847864916,1
2020-12-14,39.42857142857143,1196888.4285714286,17.714285714285715,776521.2857142857,15.0,685678.2857142857,60.714285714285715,2811959.285714286,2.158,50.27,112.1708,42.35714285714286,48.32142857142858,3.897496143741098,0.8159645232815964,48.0,41.857142857142854,44.285714285714285,16.785714285714285,16.44047619047619,1.875368444525252,1.0774800868935555,16.857142857142858,18.428571428571427,19.571428571428573,15.035714285714285,13.916666666666666,0.9715336077668209,1.0778443113772456,16.0,13.714285714285714,14.142857142857142,65.39285714285714,64.07142857142857,3.753229901548397,0.947603121516165,64.14285714285714,69.14285714285714,65.71428571428571,0.020276989232859394,0.03372403865926388,0.1770077265277452,0.008532509842834886,0.03821520068317685,0.040888888888888975,0.0009276437847864916,0.022264329701563,0.016981132075471805,0.008563273073263655,-0.014586510552467069,12,51,0,1,0.030583873957368057,1
2020-12-21,38.857142857142854,1430226.4285714286,16.857142857142858,679838.8571428572,14.428571428571429,591416.5714285715,67.0,2633617.0,2.224,50.61,111.9415,42.035714285714285,47.142857142857146,4.1835033979038005,0.8242424242424241,39.42857142857143,48.0,40.142857142857146,17.464285714285715,16.583333333333332,0.7592961294810388,1.016511127063891,17.714285714285715,16.857142857142858,14.142857142857142,14.785714285714285,14.0,0.9653873777482587,1.030612244897959,15.0,16.0,15.428571428571429,65.25,64.15476190476191,3.6521822755921023,1.0443496010391538,60.714285714285715,64.14285714285714,67.57142857142857,0.02107115068914303,0.00676347722299564,0.1246666666666667,0.015703716987549594,0.03372403865926388,0.03821520068317685,0.030583873957368057,0.0580399619410088,0.0009276437847864916,0.016981132075471805,-0.015940426250145023,12,52,0,1,0.00854316546762579,1
2020-12-28,41.57142857142857,1399315.7142857143,16.285714285714285,623774.7142857143,16.428571428571427,656014.0,74.71428571428571,2772280.5714285714,2.243,50.88,111.9752,41.964285714285715,46.166666666666664,4.190002678875054,0.9004641567818463,38.857142857142854,39.42857142857143,41.857142857142854,16.92857142857143,16.726190476190478,0.5890150893739362,0.9736654804270461,16.857142857142858,17.714285714285715,18.428571428571427,15.464285714285714,14.261904761904761,0.9138019553521624,1.1519198664440735,14.428571428571429,15.0,13.714285714285714,66.64285714285714,65.09523809523809,5.9630380788027075,1.1477688368690564,67.0,60.714285714285715,69.14285714285714,-0.043454585130505596,0.005334914048606976,0.08625106746370625,0.01738138313439059,0.00676347722299564,0.03372403865926388,0.00854316546762579,0.05801886792452815,0.030583873957368057,0.0009276437847864916,-0.0110434389396038,12,53,0,1,0.002674988854213245,1
2021-01-04,44.714285714285715,1472911.4285714286,18.857142857142858,702254.4285714285,14.0,510525.4285714286,62.142857142857146,2140161.285714286,2.249,50.37,111.2075,41.14285714285714,45.345238095238095,2.652171488694255,0.9860855867681807,41.57142857142857,38.857142857142854,48.0,17.428571428571427,16.821428571428573,1.1187942975686362,1.1210191082802548,16.285714285714285,16.857142857142858,16.857142857142858,14.964285714285714,14.273809523809524,1.0586540035912273,0.9808173477898249,16.428571428571427,14.428571428571429,16.0,66.14285714285714,65.48809523809523,6.315944621557762,0.9489183784766408,74.71428571428571,67.0,64.14285714285714,-0.009210105328725293,-0.010023584905660465,0.03578038247995052,0.018180572448081824,0.005334914048606976,0.00676347722299564,0.002674988854213245,0.04313543599257885,0.00854316546762579,0.030583873957368057,-0.005642064226540899,1,1,0,1,0.030235660293463695,1
2021-01-11,42.857142857142854,1322567.0,18.857142857142858,807945.5714285715,18.571428571428573,937380.2857142857,66.0,2550874.8571428573,2.317,54.84,111.8257,42.0,44.8095238095238,2.4605734633836924,0.9564293304994688,44.714285714285715,41.57142857142857,39.42857142857143,17.714285714285715,17.130952380952383,1.3401187885209778,1.1007644197359276,18.857142857142858,16.285714285714285,17.714285714285715,15.857142857142858,14.892857142857144,2.096320066957629,1.2470023980815348,14.0,16.428571428571427,15.0,67.46428571428572,65.72619047619048,5.267504023677166,1.0041659119724686,62.142857142857146,74.71428571428571,60.714285714285715,-0.07709051507234996,0.08874329958308524,0.09090909090909083,0.04467687438807702,-0.010023584905660465,0.005334914048606976,0.030235660293463695,0.07367933271547744,0.002674988854213245,0.00854316546762579,-0.003076558248670813,1,2,0,1,0.02675873974967624,1
2021-01-18,45.42857142857143,1929188.5714285714,19.571428571428573,765728.8571428572,16.428571428571427,654674.8571428572,76.0,3239318.714285714,2.379,54.21,111.5106,43.64285714285714,43.94047619047618,1.7554579610636611,1.033866160931997,42.857142857142854,44.714285714285715,38.857142857142854,18.392857142857142,17.380952380952383,1.4445534582969077,1.126027397260274,18.857142857142858,18.857142857142858,16.857142857142858,16.357142857142854,15.154761904761903,1.8680995472317106,1.0840534171249019,18.571428571428573,14.0,14.428571428571429,69.71428571428572,67.16666666666667,6.723903951852733,1.13151364764268,66.0,62.142857142857146,67.0,-0.09386515573996318,-0.01148796498905913,0.0711321873147599,0.04767878616768462,0.08874329958308524,-0.010023584905660465,0.02675873974967624,0.0696942446043165,0.030235660293463695,0.002674988854213245,-0.0038493320171697487,1,3,0,1,0.005464480874316946,1
2021-01-25,45.714285714285715,2197637.285714286,18.285714285714285,673387.8571428572,16.142857142857142,642347.4285714285,68.0,2843225.1428571427,2.392,55.44,111.8676,44.67857142857143,43.36904761904762,1.2850527398586635,1.0540763107329125,45.42857142857143,42.857142857142854,41.57142857142857,18.892857142857142,17.583333333333332,0.5265081997022935,1.039945836154367,19.571428571428573,18.857142857142858,16.285714285714285,16.285714285714285,15.38095238095238,1.8699194205782665,1.0495356037151704,16.428571428571427,18.571428571428573,16.428571428571427,68.03571428571428,67.33333333333333,5.83954965181852,1.00990099009901,76.0,66.0,74.71428571428571,-0.038364685175364954,0.022689540675152164,0.08962264150943389,0.04690833065932403,-0.01148796498905913,0.08874329958308524,0.005464480874316946,0.06642888987962547,0.02675873974967624,0.030235660293463695,-0.0009609270624210131,1,4,0,1,0.0071070234113712605,1
2021-02-01,48.714285714285715,2420927.4285714286,18.285714285714285,608242.0,14.142857142857142,516901.0,66.85714285714286,2718044.8571428573,2.409,56.42,112.4189,45.67857142857143,43.464285714285715,2.397206424039526,1.1207888249794578,45.714285714285715,45.42857142857143,44.714285714285715,18.75,17.80952380952381,0.6102859818084005,1.0267379679144384,18.285714285714285,19.571428571428573,18.857142857142858,16.32142857142857,15.36904761904762,1.8121847602940913,0.9202168861347791,16.142857142857142,16.428571428571427,14.0,69.21428571428572,67.33333333333333,4.5973964829855625,0.992927864214993,68.0,76.0,62.142857142857146,-0.015167885810917076,0.017676767676767735,0.1201111772880683,0.04233169501963035,0.022689540675152164,-0.01148796498905913,0.0071070234113712605,0.07114273010226757,0.005464480874316946,0.02675873974967624,0.010893150192208267,2,5,0,1,0.02158572021585714,1
2021-02-08,46.57142857142857,2310451.1428571427,18.857142857142858,677159.5714285715,16.857142857142858,724936.5714285715,69.42857142857143,2886024.285714286,2.461,60.17,112.0428,46.607142857142854,43.654761904761905,1.486332289049115,1.0668121079901827,48.714285714285715,45.714285714285715,42.857142857142854,18.75,17.75,0.6102859818084005,1.062374245472837,18.285714285714285,18.285714285714285,18.857142857142858,15.892857142857142,15.595238095238097,1.203029056824736,1.080916030534351,14.142857142857142,16.142857142857142,18.571428571428573,70.07142857142857,67.64285714285714,4.089974468925429,1.0263991552270328,66.85714285714286,68.0,66.0,-0.05912538480610091,0.0664657922722438,0.09719183078045224,0.032167956123620056,0.017676767676767735,0.022689540675152164,0.02158572021585714,0.062149331031506216,0.0071070234113712605,0.005464480874316946,0.0019414141829650067,2,6,0,1,0.016253555465258085,1
2021-02-15,52.285714285714285,2364282.0,21.142857142857142,965378.0,14.857142857142858,511924.71428571426,65.14285714285714,2806223.8571428573,2.501,63.58,111.4889,48.32142857142857,44.666666666666664,2.9285714285715327,1.1705756929637527,46.57142857142857,48.714285714285715,45.42857142857143,19.142857142857142,18.333333333333332,1.360272081627214,1.1532467532467532,18.857142857142858,18.285714285714285,19.571428571428573,15.5,15.547619047619046,1.2261326847222607,0.9555895865237367,16.857142857142858,14.142857142857142,16.428571428571427,67.35714285714286,67.44047619047619,1.8126539343497834,0.9659311562224183,69.42857142857143,66.85714285714286,76.0,-0.06133579723916524,0.05667276051188286,0.17284633831396423,0.024312731878466838,0.0664657922722438,0.017676767676767735,0.016253555465258085,0.05128205128205132,0.02158572021585714,0.0071070234113712605,-0.00019460033395923837,2,7,0,1,0.05277888844462231,1
2021-02-22,41.714285714285715,1874069.142857143,17.571428571428573,563170.2857142857,18.285714285714285,981466.4285714285,70.85714285714286,2880934.285714286,2.633,64.73,111.918,47.32142857142857,44.654761904761905,4.419152810734933,0.9341508930951746,52.285714285714285,46.57142857142857,45.714285714285715,18.964285714285715,18.261904761904763,1.5446858650770114,0.9621903520208606,21.142857142857142,18.857142857142858,18.285714285714285,16.035714285714285,15.928571428571429,1.8893723537610165,1.147982062780269,14.857142857142858,16.857142857142858,16.142857142857142,68.07142857142857,67.58333333333333,2.5594961238811607,1.048441078034173,65.14285714285714,69.42857142857143,68.0,-0.023191096482619328,0.01808744888329672,0.1675685425685427,0.025538237492730428,0.05667276051188286,0.0664657922722438,0.05277888844462231,0.10075250836120397,0.016253555465258085,0.02158572021585714,0.0004505325938879423,2,8,0,1,0.029624003038359215,1
2021-03-01,43.0,1740645.857142857,20.428571428571427,865839.0,15.142857142857142,677777.4285714285,65.0,2984016.1428571427,2.711,64.56,112.5263,45.89285714285714,44.23809523809524,4.731390326507559,0.9720129171151776,41.714285714285715,52.285714285714285,48.714285714285715,19.5,18.55952380952381,1.6014449257905035,1.1007055805003205,17.571428571428573,21.142857142857142,18.285714285714285,16.285714285714285,15.857142857142856,1.5993195832139593,0.954954954954955,18.285714285714285,14.857142857142858,14.142857142857142,67.60714285714286,67.65476190476191,2.98607881119473,0.9607601618863275,70.85714285714286,65.14285714285714,66.85714285714286,0.0028915963858048566,-0.002626293835933935,0.1442750797589507,0.032460677750622585,0.01808744888329672,0.05667276051188286,0.029624003038359215,0.1253632212536322,0.05277888844462231,0.016253555465258085,0.0009553553717391861,3,9,0,0,0.022132054592401307,1
2021-03-08,42.42857142857143,2043779.2857142857,17.857142857142858,785725.5714285715,17.571428571428573,716336.1428571428,62.57142857142857,2577993.714285714,2.771,68.0,114.2678,44.85714285714286,44.48809523809524,4.98023303555526,0.9537061814289537,43.0,41.714285714285715,46.57142857142857,19.25,18.571428571428573,1.800887914033401,0.9615384615384615,20.428571428571427,17.571428571428573,18.857142857142858,16.464285714285715,16.07142857142857,1.71973340759469,1.0933333333333335,15.142857142857142,18.285714285714285,16.857142857142858,65.89285714285714,67.80952380952381,3.513579100466887,0.922752808988764,65.0,70.85714285714286,69.42857142857143,0.017167303677621842,0.053283767038413865,0.13013129466511542,0.02859263345233017,-0.002626293835933935,0.01808744888329672,0.022132054592401307,0.12596505485574983,0.029624003038359215,0.05277888844462231,0.019858482651272436,3,10,0,0,0.029592204980151582,1
2021-03-15,46.714285714285715,2282354.5714285714,18.0,794340.2857142857,17.0,840916.1428571428,63.142857142857146,2663701.714285714,2.853,68.78,113.1928,43.464285714285715,45.142857142857146,2.2295937825924095,1.0348101265822784,42.42857142857143,43.0,52.285714285714285,18.464285714285715,18.666666666666668,1.3215894367978955,0.9642857142857142,17.857142857142858,20.428571428571427,21.142857142857142,17.0,16.285714285714285,1.3451854182690774,1.0438596491228072,17.571428571428573,15.142857142857142,14.857142857142858,65.39285714285715,67.48809523809524,3.7875108046364336,0.9356147468689363,62.57142857142857,65.0,65.14285714285714,0.0053574407850659755,0.011470588235294121,0.08178672538534126,0.023777828795390695,0.053283767038413865,-0.002626293835933935,0.029592204980151582,0.1407437025189926,0.022132054592401307,0.029624003038359215,0.01528313580993279,3,11,0,0,0.004206098843322792,1
2021-03-22,46.857142857142854,2342909.5714285714,21.714285714285715,965418.2857142857,16.714285714285715,723764.1428571428,64.0,2981585.5714285714,2.865,63.89,113.0023,44.75,45.583333333333336,2.362907813126425,1.027944633063463,46.714285714285715,42.42857142857143,41.714285714285715,19.5,19.11904761904762,1.889822365046141,1.1357409713574096,18.0,17.857142857142858,17.571428571428573,16.607142857142858,16.30952380952381,1.0391977544187994,1.0248175182481751,17.0,17.571428571428573,18.285714285714285,63.67857142857142,66.5952380952381,1.058654003591095,0.9610296746514121,63.142857142857146,62.57142857142857,70.85714285714286,-0.03738319933011494,-0.07109624890956678,-0.01297698130696745,0.05167914200770973,0.011470588235294121,0.053283767038413865,0.004206098843322792,0.0881124192935816,0.029592204980151582,0.022132054592401307,0.009688343251309073,3,12,0,0,-0.0045375218150088825,0
2021-03-29,48.714285714285715,2006090.0,12.714285714285714,494139.71428571426,4.0,110644.42857142857,58.0,2455580.714285714,2.852,64.06,113.9314,46.17857142857143,45.916666666666664,2.6608141560037,1.0609281825252788,46.857142857142854,46.714285714285715,43.0,17.57142857142857,18.607142857142858,3.69776545872708,0.6833013435700576,21.714285714285715,18.0,20.428571428571427,13.821428571428573,15.476190476190476,6.557308847364745,0.25846153846153846,16.714285714285715,17.0,15.142857142857142,61.92857142857143,66.25000000000001,2.684042032579389,0.8754716981132074,64.0,63.142857142857146,65.0,0.2804593093324794,0.0026608232900298123,-0.007744733581164787,0.05173362299361592,-0.07109624890956678,0.011470588235294121,-0.0045375218150088825,0.05201032829214314,0.004206098843322792,0.029592204980151582,0.012486858627716257,3,13,0,0,0.001753155680224605,1
2021-04-05,57.142857142857146,2828046.5714285714,16.714285714285715,651747.0,20.714285714285715,1025654.5714285715,69.42857142857143,2868195.4285714286,2.857,63.85,113.394,49.85714285714286,47.10714285714286,4.941838595855146,1.2130401819560273,48.714285714285715,46.857142857142854,42.42857142857143,17.285714285714285,18.428571428571427,3.7124537606777075,0.9069767441860467,12.714285714285714,21.714285714285715,17.857142857142858,14.607142857142858,15.654761904761905,7.302385222101942,1.3231939163498099,4.0,16.714285714285715,17.571428571428573,63.642857142857146,66.53571428571428,4.679525529759744,1.0434782608695654,58.0,64.0,62.57142857142857,-0.1216722758403623,-0.0032781767093350567,-0.06102941176470589,0.03784517688258925,0.0026608232900298123,-0.07109624890956678,0.001753155680224605,0.03103572717430536,-0.0045375218150088825,0.004206098843322792,-0.007646948659202235,4,14,0,0,-0.0028001400070003513,0
2021-04-12,55.57142857142857,2337932.5714285714,19.0,873317.7142857143,19.571428571428573,934302.7142857143,73.42857142857143,2669021.0,2.849,62.38,113.1815,52.07142857142857,47.952380952380956,5.047394424471998,1.1588877855014894,57.142857142857146,48.714285714285715,46.714285714285715,17.535714285714285,18.38095238095238,3.8090029405817654,1.033678756476684,16.714285714285715,12.714285714285714,18.0,15.25,15.916666666666666,7.686347115033846,1.229618548990277,20.714285714285715,4.0,17.0,66.21428571428572,66.32142857142857,6.702116631851342,1.1071620893914917,69.42857142857143,58.0,63.142857142857146,-0.13233679508998553,-0.023022709475332803,-0.09305030532131431,0.033460454221609086,-0.0032781767093350567,0.0026608232900298123,-0.0028001400070003513,-0.001402032947774301,0.001753155680224605,-0.0045375218150088825,-9.98296711451907e-05,4,15,0,0,0.0021060021060019807,1
2021-04-19,51.0,2664044.0,18.0,745405.2857142857,13.571428571428571,612842.8571428572,59.0,2604641.1428571427,2.855,66.54,112.1835,53.107142857142854,48.392857142857146,3.919903858324067,1.0538745387453874,55.57142857142857,57.142857142857146,46.857142857142854,16.607142857142858,18.357142857142858,2.7587214824420103,0.980544747081712,19.0,16.714285714285715,21.714285714285715,14.464285714285715,15.70238095238095,7.647306226182319,0.8642911296436695,19.571428571428573,20.714285714285715,16.714285714285715,64.96428571428572,65.57142857142857,7.651752722604856,0.8997821350762527,73.42857142857143,69.42857142857143,64.0,0.050376862363244596,0.06668804103879444,0.04147753952105182,0.03886679939966323,-0.023022709475332803,-0.0032781767093350567,0.0021060021060019807,-0.003490401396160636,-0.0028001400070003513,0.001753155680224605,-0.007245870216801009,4,16,0,0,0.005954465849387081,1
2021-04-26,54.857142857142854,2815175.714285714,15.142857142857142,728585.2857142857,15.857142857142858,683324.1428571428,63.142857142857146,2693113.8571428573,2.872,65.5,111.8109,54.642857142857146,48.9047619047619,2.6095064302515723,1.121713729308666,51.0,55.57142857142857,48.714285714285715,17.214285714285715,18.095238095238095,1.6680266560130421,0.8368421052631578,18.0,19.0,12.714285714285714,17.42857142857143,15.845238095238095,3.3032657516237234,1.0007513148009017,13.571428571428571,19.571428571428573,4.0,66.25,65.26190476190477,6.425263699292175,0.9675300985041955,59.0,73.42857142857143,58.0,0.01829068803076972,-0.01562969642320422,0.022478926006868516,0.041146651888932476,0.06668804103879444,-0.023022709475332803,0.005954465849387081,0.007012622720897532,0.0021060021060019807,-0.0028001400070003513,-0.01861207709200441,4,17,0,0,0.0062674094707522165,1
2021-05-03,46.42857142857143,2051296.5714285714,17.0,659943.8571428572,13.0,589227.1428571428,70.42857142857143,3118066.1428571427,2.89,67.73,112.005,51.96428571428571,48.89285714285714,4.20135222805922,0.9495982468955443,54.857142857142854,51.0,57.142857142857146,17.285714285714285,17.94047619047619,1.645443099349614,0.9475779694757798,15.142857142857142,18.0,16.714285714285715,15.5,15.523809523809524,2.981804229419671,0.8374233128834356,15.857142857142858,13.571428571428571,20.714285714285715,66.5,65.34523809523809,6.607046331341212,1.0777919475314266,63.142857142857146,59.0,69.42857142857143,0.04690213080345343,0.034045801526717545,0.060767423649177754,0.042493990894387226,-0.01562969642320422,0.06668804103879444,0.0062674094707522165,0.011550577528876449,0.005954465849387081,0.0021060021060019807,-0.012249325361130325,5,18,1,0,0.024567474048442728,1
2021-05-10,52.285714285714285,2636127.8571428573,17.857142857142858,784072.0,15.0,636844.8571428572,63.57142857142857,2755952.714285714,2.961,68.61,110.7905,51.142857142857146,48.892857142857146,3.5283111529224898,1.0693937180423667,46.42857142857143,54.857142857142854,55.57142857142857,17.0,17.666666666666668,1.3144927373183026,1.0107816711590296,17.0,15.142857142857142,19.0,14.357142857142858,15.535714285714286,1.3067069270488096,0.9655172413793103,13.0,15.857142857142858,19.571428571428573,64.03571428571429,65.21428571428572,4.734265022801555,0.9748083242059145,70.42857142857143,63.142857142857146,73.42857142857143,-0.0051252386966552654,0.012992765391997674,0.09987175376723312,0.03470715473241445,0.034045801526717545,-0.01562969642320422,0.024567474048442728,0.03931203931203919,0.0062674094707522165,0.005954465849387081,-0.021125360593383213,5,19,1,0,0.022627490712597176,1
2021-05-17,53.285714285714285,2664678.8571428573,16.428571428571427,694641.2857142857,17.571428571428573,811525.4285714285,63.57142857142857,2474241.4285714286,3.028,69.62,111.079,51.714285714285715,49.857142857142854,3.679322623253753,1.0687679083094557,52.285714285714285,46.42857142857143,51.0,16.607142857142858,17.571428571428573,1.1391308298957674,0.9349593495934958,17.857142857142858,17.0,18.0,15.357142857142858,15.476190476190476,1.900590670807155,1.1353846153846154,15.0,13.0,13.571428571428571,65.17857142857143,64.60714285714286,3.5058260548022444,0.9839690436705362,63.57142857142857,70.42857142857143,59.0,-0.03077022923952577,0.014720886168197111,0.046287947099489024,0.020468934523023487,0.012992765391997674,0.034045801526717545,0.022627490712597176,0.06059544658493876,0.024567474048442728,0.0062674094707522165,-0.009845476384673368,5,20,1,0,-0.0026420079260237594,0
2021-05-24,53.285714285714285,2758625.4285714286,19.142857142857142,877259.0,14.857142857142858,675984.7142857143,59.57142857142857,2678571.714285714,3.02,68.59,110.9118,51.32142857142857,50.714285714285715,3.2957919985884545,1.0507042253521126,53.285714285714285,52.285714285714285,54.857142857142854,17.607142857142858,17.464285714285715,1.1801936887041593,1.0961145194274027,16.428571428571427,17.857142857142858,15.142857142857142,15.107142857142858,15.45238095238095,1.8785397426261368,0.9614791987673345,17.571428571428573,15.0,15.857142857142858,64.28571428571429,64.15476190476191,4.50849538230269,0.9285581740582667,63.57142857142857,63.57142857142857,63.142857142857146,-0.009214029401279106,-0.014794599253088236,0.04717557251908411,0.02010048786187821,0.014720886168197111,0.012992765391997674,-0.0026420079260237594,0.051532033426183954,0.022627490712597176,0.024567474048442728,-0.008041255369557021,5,21,1,0,0.0023178807947019653,1
2021-05-31,53.285714285714285,2348374.8571428573,15.142857142857142,595700.5714285715,14.571428571428571,672113.1428571428,66.85714285714286,2601418.0,3.027,69.36,110.7576,53.03571428571428,51.61904761904761,0.5000000000004443,1.0322878228782288,53.285714285714285,53.285714285714285,46.42857142857143,17.142857142857142,17.238095238095237,1.7340134720031486,0.8784530386740331,19.142857142857142,16.428571428571427,17.0,15.500000000000002,15.202380952380954,1.3923991921155658,0.9584964761158965,14.857142857142858,17.571428571428573,13.0,63.39285714285714,64.51190476190477,2.981519039401362,1.0363535707695146,59.57142857142857,63.57142857142857,70.42857142857143,0.023602272890581727,0.011226126257471769,0.02406614498745019,0.013960361837930833,-0.014794599253088236,0.014720886168197111,0.0023178807947019653,0.04740484429065739,-0.0026420079260237594,0.022627490712597176,-0.011137002812374397,5,22,1,0,0.0026428807400065146,1
2021-06-07,57.285714285714285,2841490.8571428573,17.428571428571427,921881.0,16.142857142857142,686873.2857142857,60.42857142857143,2423298.4285714286,3.035,70.89,110.5155,54.285714285714285,52.5,2.000000000000098,1.091156462585034,53.285714285714285,53.285714285714285,52.285714285714285,17.035714285714285,17.19047619047619,1.68779129509021,1.0138504155124652,15.142857142857142,19.142857142857142,17.857142857142858,15.785714285714286,15.130952380952381,1.3727176481332866,1.066876475216365,14.571428571428571,14.857142857142858,15.0,62.60714285714286,64.28571428571428,3.314316502320053,0.9400000000000002,66.85714285714286,59.57142857142857,63.57142857142857,-0.02797083832846614,0.022058823529411686,0.033231307389593345,0.01604634643844722,0.011226126257471769,-0.014794599253088236,0.0026428807400065146,0.024991556906450718,0.0023178807947019653,-0.0026420079260237594,-0.0024821622792566833,6,23,1,0,0.011202635914332681,1
2021-06-14,53.57142857142857,2703818.285714286,16.285714285714285,762639.2857142857,14.714285714285714,714366.4285714285,58.714285714285715,2379744.4285714286,3.069,72.27,110.9659,54.357142857142854,53.0595238095238,1.9570211988605302,1.009647745120036,57.285714285714285,53.285714285714285,53.285714285714285,17.0,16.738095238095237,1.7063307492541753,0.9729729729729729,17.428571428571427,15.142857142857142,16.428571428571427,15.071428571428571,14.964285714285715,0.7237468644557588,0.9832935560859187,16.142857142857142,14.571428571428571,17.571428571428573,61.392857142857146,63.845238095238095,3.7094749064568195,0.9196345329106843,60.42857142857143,66.85714285714286,63.57142857142857,0.02861279822759699,0.01946677951756226,0.03806377477736267,0.016835155158787935,0.022058823529411686,0.011226126257471769,0.011202635914332681,0.01354029062087192,0.0026428807400065146,0.0023178807947019653,-0.0010181942581405368,6,24,1,0,-0.0029325513196480912,0
2021-06-21,57.0,2770807.1428571427,16.714285714285715,865513.5714285715,15.428571428571429,742696.7142857143,57.42857142857143,2363574.1428571427,3.06,74.49,112.8391,55.285714285714285,53.75,2.150779007740315,1.0604651162790697,53.57142857142857,57.285714285714285,53.285714285714285,16.392857142857142,17.071428571428573,0.9574271077563199,0.9790794979079498,16.285714285714285,17.428571428571427,19.142857142857142,15.214285714285715,15.916666666666666,0.7237468644557538,0.9693343305908751,14.714285714285714,16.142857142857142,14.857142857142858,60.857142857142854,63.797619047619044,4.184519575964832,0.900167941780183,58.714285714285715,60.42857142857143,59.57142857142857,0.02273827836048059,0.030718140307181452,0.08601837002478474,0.008028542244642028,0.01946677951756226,0.022058823529411686,-0.0029325513196480912,0.013245033112582849,0.011202635914332681,0.0026428807400065146,0.017376870630537056,6,25,1,0,0.01013071895424833,1
2021-06-28,57.57142857142857,2903740.5714285714,18.0,738907.8571428572,16.571428571428573,833348.0,54.285714285714285,2379756.4285714286,3.091,74.78,112.0248,56.357142857142854,53.78571428571428,1.871737524479471,1.0703851261620188,57.0,53.57142857142857,53.285714285714285,17.107142857142858,17.178571428571427,0.7592961294810283,1.0478170478170479,16.714285714285715,16.285714285714285,15.142857142857142,15.714285714285714,15.571428571428571,0.8164965809277182,1.0642201834862386,15.428571428571429,14.714285714285714,14.571428571428571,57.71428571428571,62.53571428571428,2.595128874940835,0.8680753854940035,57.42857142857143,58.714285714285715,66.85714285714286,-0.012624435739827189,0.003893140018794483,0.07814302191464817,0.011181854810185621,0.030718140307181452,0.01946677951756226,0.01013071895424833,0.021143045920052783,-0.0029325513196480912,0.011202635914332681,0.01144120132613935,6,26,1,0,0.010029116790682524,1
2021-07-05,53.714285714285715,2592415.1428571427,17.428571428571427,806308.1428571428,14.285714285714286,604728.1428571428,61.0,2644148.8571428573,3.122,78.34,112.5425,55.46428571428571,53.63095238095238,2.1169063552758196,1.0015538290788013,57.57142857142857,57.0,57.285714285714285,17.107142857142858,17.047619047619047,0.7592961294810283,1.0223463687150838,18.0,16.714285714285715,17.428571428571427,15.25,15.13095238095238,0.9991492980170182,0.9441384736428011,16.571428571428573,15.428571428571429,16.142857142857142,57.85714285714286,61.5,2.8018458444488106,0.991869918699187,54.285714285714285,57.42857142857143,60.42857142857143,0.010022852466031712,0.047606311848087834,0.10509239667089854,0.01843139761494164,0.003893140018794483,0.030718140307181452,0.010029116790682524,0.028665568369028005,0.01013071895424833,-0.0029325513196480912,0.01834131863856192,7,27,1,0,0.003523382447149226,1
2021-07-12,55.57142857142857,2493466.5714285714,16.0,719588.2857142857,14.285714285714286,644019.2857142857,60.42857142857143,2670764.8571428573,3.133,76.77,112.7611,55.964285714285715,54.01190476190476,1.7197334075947956,1.0288737050914702,53.714285714285715,57.57142857142857,53.57142857142857,17.035714285714285,16.880952380952383,0.8679869587408491,0.9478138222849082,17.428571428571427,18.0,16.285714285714285,15.142857142857142,15.19047619047619,1.0942024088643925,0.9404388714733544,14.285714285714286,16.571428571428573,14.714285714285714,58.285714285714285,61.61904761904762,3.092672929739052,0.9806800618238022,61.0,54.285714285714285,58.714285714285715,0.025548384831616255,-0.020040847587439514,0.06226650062266503,0.029778461405801565,0.047606311848087834,0.003893140018794483,0.003523382447149226,0.020853698273053167,0.010029116790682524,0.01013071895424833,0.016177942953646163,7,28,1,0,0.006383657835939971,1
2021-07-19,52.42857142857143,2563223.8571428573,15.285714285714286,717304.0,15.0,763422.7142857143,55.285714285714285,2330036.8571428573,3.153,69.33,113.5472,54.82142857142857,53.80952380952382,2.2417649752108297,0.9743362831858406,55.57142857142857,53.714285714285715,57.0,16.678571428571427,16.892857142857142,1.2528878206593068,0.904862579281184,16.0,17.428571428571427,16.714285714285715,15.035714285714285,15.119047619047619,1.0777590759767965,0.9921259842519685,14.285714285714286,14.285714285714286,15.428571428571429,57.75,60.964285714285715,3.4550072112707135,0.9068541300527241,60.42857142857143,61.0,57.42857142857143,0.0554552558070707,-0.09691285658460336,-0.06927104309303256,0.06056453864594178,-0.020040847587439514,0.047606311848087834,0.006383657835939971,0.03039215686274499,0.003523382447149226,0.010029116790682524,0.006275307052254098,7,29,1,0,-0.005391690453536269,0
2021-07-26,55.857142857142854,2687631.0,17.714285714285715,683745.1428571428,14.714285714285714,648603.4285714285,53.57142857142857,2509421.285714286,3.136,74.79,113.2238,54.39285714285714,54.595238095238095,1.6178216647009984,1.0231138246838203,52.42857142857143,55.57142857142857,57.57142857142857,16.607142857142858,16.952380952380953,1.15690767745297,1.0449438202247192,15.285714285714286,16.0,18.0,14.571428571428571,15.261904761904761,0.34992710611193484,0.9641185647425897,15.0,14.285714285714286,16.571428571428573,57.57142857142858,59.5595238095238,3.703280399090298,0.8994603238057166,55.285714285714285,60.42857142857143,54.285714285714285,0.017090866635788543,0.07875378623972318,0.00013372559507907056,0.07797464771034163,-0.09691285658460336,-0.020040847587439514,-0.005391690453536269,0.014558395341313535,0.006383657835939971,0.003523382447149226,0.010702987195692293,7,30,1,0,0.0073341836734692745,1
2021-08-02,56.857142857142854,2696901.0,15.142857142857142,601119.4285714285,16.714285714285715,732483.4285714285,56.42857142857143,2680530.1428571427,3.159,73.91,112.6691,55.17857142857142,54.976190476190474,1.9144100883548711,1.0342139454309225,55.857142857142854,52.42857142857143,53.714285714285715,16.035714285714285,16.726190476190478,1.1801936887041462,0.9053380782918148,17.714285714285715,15.285714285714286,17.428571428571427,15.178571428571429,15.404761904761905,1.0650604403021506,1.0850077279752706,14.714285714285714,15.0,14.285714285714286,56.42857142857142,58.964285714285715,2.9137254363388716,0.9569957601453665,53.57142857142857,55.285714285714285,61.0,0.004611122039156423,-0.011766278914293493,-0.05654837886137354,0.07190314388852835,0.07875378623972318,-0.09691285658460336,0.0073341836734692745,0.011851377322229295,-0.005391690453536269,0.006383657835939971,0.0011249083679498728,8,31,1,0,0.004115226337448652,1
2021-08-09,56.714285714285715,2719151.5714285714,17.714285714285715,761582.2857142857,14.857142857142858,662265.2857142857,55.57142857142857,2889421.8571428573,3.172,69.65,113.4521,55.464285714285715,55.261904761904766,2.0714285714286516,1.0262817750969409,56.857142857142854,55.857142857142854,55.57142857142857,16.464285714285715,16.833333333333332,1.444553458296894,1.0523338048090525,15.142857142857142,17.714285714285715,16.0,15.321428571428573,15.178571428571429,0.9358687622396961,0.9788235294117648,16.714285714285715,14.714285714285714,14.285714285714286,55.214285714285715,58.297619047619044,1.1980710119441083,0.9532366755156219,56.42857142857143,53.57142857142857,60.42857142857143,-0.0026689462083449855,-0.057637667433364737,-0.09274456167773859,0.07558215435770006,-0.011766278914293493,0.07875378623972318,0.004115226337448652,0.012448132780082943,0.0073341836734692745,-0.005391690453536269,0.006127999815539242,8,32,1,0,0.0006305170239595537,1
2021-08-16,49.42857142857143,2601986.5714285714,19.714285714285715,925206.4285714285,16.857142857142858,810949.8571428572,59.42857142857143,2641146.1428571427,3.174,70.07,113.1698,54.714285714285715,54.94047619047618,3.5513722556160676,0.8996749729144097,56.714285714285715,56.857142857142854,52.42857142857143,17.571428571428573,16.88095238095238,1.8735538640862834,1.1678420310296194,17.714285714285715,15.142857142857142,15.285714285714286,15.785714285714286,15.345238095238097,1.1576424553469673,1.0985259891388672,14.857142857142858,16.714285714285715,15.0,56.25,58.285714285714285,2.433817862486,1.019607843137255,55.57142857142857,56.42857142857143,55.285714285714285,-0.04641270905503783,0.0060301507537685595,0.01067359007644586,0.05668606990489177,-0.057637667433364737,-0.011766278914293493,0.0006305170239595537,0.00666032350142709,0.004115226337448652,0.0073341836734692745,-0.0033237279298830025,8,33,1,0,-0.009136735979836108,0
2021-08-23,50.0,2651618.285714286,16.0,759758.7142857143,17.142857142857142,645709.4285714285,66.14285714285714,2561971.4285714286,3.145,69.07,113.9418,53.25,54.666666666666664,4.089766555219374,0.9146341463414634,49.42857142857143,56.714285714285715,55.857142857142854,17.142857142857142,16.952380952380953,2.0203050891044163,0.9438202247191011,19.714285714285715,17.714285714285715,17.714285714285715,16.392857142857142,15.55952380952381,1.0391977544187982,1.1017597551644989,16.857142857142858,14.857142857142858,14.714285714285714,59.39285714285714,58.226190476190474,4.7942354841571495,1.1359640155387445,59.42857142857143,55.57142857142857,53.57142857142857,-0.024044535440951975,-0.014271442842871407,-0.07648081294290698,0.02703939756850656,0.0060301507537685595,-0.057637667433364737,-0.009136735979836108,0.002869897959183687,0.0006305170239595537,0.004115226337448652,0.006341422916383399,8,34,1,0,-0.001907790143084287,0
2021-08-30,53.857142857142854,2487581.0,15.714285714285714,632304.1428571428,16.857142857142858,720729.0,64.57142857142857,2571582.714285714,3.139,72.26,113.246,52.5,54.38095238095238,3.4295633485773775,0.9903677758318739,50.0,49.42857142857143,56.857142857142854,17.28571428571429,16.80952380952381,1.844277783908289,0.9348441926345609,16.0,19.714285714285715,15.142857142857142,16.42857142857143,15.61904761904762,1.056241572038971,1.0792682926829267,17.142857142857142,16.857142857142858,16.714285714285715,61.42857142857143,58.57142857142856,4.844521416518084,1.102439024390244,66.14285714285714,59.42857142857143,56.42857142857143,-0.026729821384901348,0.04618502968003502,-0.022324448653768036,0.04319811629564322,-0.014271442842871407,0.0060301507537685595,-0.001907790143084287,-0.006331117442228584,-0.009136735979836108,0.0006305170239595537,0.00512030361474447,8,35,1,0,0.011787193373685945,1
2021-09-06,52.285714285714285,2882411.8571428573,19.285714285714285,860339.2857142857,16.571428571428573,753316.1428571428,57.57142857142857,2309830.8571428573,3.176,72.43,112.5476,51.39285714285714,54.273809523809526,2.0549426064118745,0.9633691599034876,53.857142857142854,50.0,56.714285714285715,17.678571428571427,17.05952380952381,2.113690392377731,1.1304954640614095,15.714285714285714,16.0,17.714285714285715,16.857142857142858,15.773809523809524,0.23328473740778818,1.0505660377358492,16.857142857142858,17.142857142857142,14.857142857142858,61.92857142857142,58.476190476190474,4.081649659828552,0.9845276872964169,64.57142857142857,66.14285714285714,55.57142857142857,-0.032239587249290824,0.002352615554940485,0.039913854989231945,0.025642929800183307,0.04618502968003502,-0.014271442842871407,0.011787193373685945,0.0012610340479193294,-0.001907790143084287,-0.009136735979836108,-0.007972527612974956,9,36,0,0,-0.0034634760705289924,0
2021-09-13,52.57142857142857,2313988.1428571427,18.857142857142858,877854.2857142857,17.142857142857142,756407.5714285715,56.57142857142857,2416936.0,3.165,72.97,113.0341,52.17857142857143,53.904761904761905,1.6051575038747508,0.9752650176678445,52.285714285714285,53.857142857142854,49.42857142857143,17.464285714285715,17.238095238095237,1.8676443018131754,1.0939226519337018,19.285714285714285,15.714285714285714,19.714285714285715,16.92857142857143,15.916666666666666,0.2735506022159758,1.0770381451009723,16.571428571428573,16.857142857142858,16.857142857142858,61.21428571428571,58.4047619047619,4.843819261080452,0.9686098654708521,57.57142857142857,64.57142857142857,59.42857142857143,-0.02870892004334266,0.007455474251000904,0.04138718424432719,0.02557782482374017,0.002352615554940485,0.04618502968003502,-0.0034634760705289924,-0.002835538752362865,0.011787193373685945,-0.001907790143084287,-0.0011990831476241803,9,37,0,0,0.006003159557661952,1
2021-09-20,59.142857142857146,2841795.0,16.0,681013.2857142857,18.142857142857142,728288.1428571428,58.142857142857146,2602398.285714286,3.184,73.59,113.9422,54.464285714285715,54.035714285714285,3.1930515547502383,1.0945142101784535,52.57142857142857,52.285714285714285,50.0,17.464285714285715,17.071428571428573,1.8676443018131754,0.9372384937238493,18.857142857142858,19.285714285714285,16.0,17.17857142857143,16.047619047619047,0.6838765055401835,1.1305637982195846,17.142857142857142,16.571428571428573,17.142857142857142,59.214285714285715,58.72619047619048,3.629995970837966,0.9900668964119197,56.57142857142857,57.57142857142857,66.14285714285714,-0.03809584963345178,0.008496642455803727,0.0654408571014915,0.020220752104354926,0.007455474251000904,0.002352615554940485,0.006003159557661952,0.012400635930047699,-0.0034634760705289924,0.011787193373685945,3.5105641651433928e-06,9,38,0,0,-0.0028266331658292065,0
2021-09-27,55.285714285714285,2637397.285714286,20.142857142857142,954628.1428571428,15.285714285714286,826555.7142857143,59.0,2677095.714285714,3.175,78.85,113.7432,54.82142857142857,54.166666666666664,3.1823813442779825,1.0206593406593407,59.142857142857146,52.57142857142857,53.857142857142854,18.57142857142857,17.297619047619047,1.7956864414252256,1.1644872677219547,16.0,18.857142857142858,15.714285714285714,16.785714285714285,16.130952380952383,1.1923794310046338,0.9476014760147601,18.142857142857142,17.142857142857142,16.857142857142858,57.82142857142857,58.55952380952382,1.0193702204102135,1.007521854035373,58.142857142857146,56.57142857142857,64.57142857142857,-0.03506748460785711,0.07147710286723719,0.09119845004151661,0.032797833179394345,0.008496642455803727,0.007455474251000904,-0.0028266331658292065,0.011468620579802469,0.006003159557661952,-0.0034634760705289924,0.004390442046518173,9,39,0,0,0.0047244094488190225,1
2021-10-04,54.714285714285715,2609469.285714286,19.857142857142858,977850.7142857143,18.428571428571427,805778.0,61.57142857142857,3115654.1428571427,3.19,81.44,114.2739,55.42857142857143,54.095238095238095,2.7379917164695935,1.011443661971831,55.285714285714285,59.142857142857146,52.285714285714285,18.714285714285715,17.619047619047617,1.8916213396229795,1.1270270270270273,20.142857142857142,16.0,19.285714285714285,17.25,16.476190476190478,1.4208122616986083,1.1184971098265895,15.285714285714286,18.142857142857142,16.571428571428573,58.82142857142857,58.654761904761905,2.091040166900776,1.0497259995940735,59.0,58.142857142857146,57.57142857142857,-0.07667344960488032,0.032847178186429904,0.12439596852133072,0.029994929648608993,0.07147710286723719,0.008496642455803727,0.0047244094488190225,0.004408060453400475,-0.0028266331658292065,0.006003159557661952,0.015338399041827655,10,40,0,0,0.024137931034482696,1
2021-10-11,55.0,2920889.1428571427,15.428571428571429,766626.5714285715,17.142857142857142,779105.4285714285,57.42857142857143,2407759.5714285714,3.267,83.75,114.5986,56.035714285714285,54.3095238095238,2.0845234695820487,1.0127137220517317,54.714285714285715,55.285714285714285,52.57142857142857,17.857142857142858,17.630952380952383,2.4880667576405964,0.8750844024307899,19.857142857142858,20.142857142857142,18.857142857142858,17.25,16.654761904761905,1.4208122616986083,1.0293066476054324,18.428571428571427,15.285714285714286,17.142857142857142,59.03571428571429,58.833333333333336,1.8084269858818947,0.9761230271145285,61.57142857142857,59.0,56.57142857142857,0.02669305019937937,0.028364440078585407,0.14773194463478134,0.026339583774395697,0.032847178186429904,0.07147710286723719,0.024137931034482696,0.032227488151658656,0.0047244094488190225,-0.0028266331658292065,0.01384095595930801,10,41,0,0,0.01683501683501687,1
2021-10-18,56.42857142857143,2842557.1428571427,17.0,839379.2857142857,16.142857142857142,793461.8571428572,55.142857142857146,2394672.285714286,3.322,84.13,113.9899,55.35714285714286,54.35714285714286,0.7514158970506722,1.038107752956636,55.0,54.714285714285715,59.142857142857146,18.107142857142854,17.57142857142857,2.280872848797355,0.9674796747967481,15.428571428571429,19.857142857142858,16.0,16.75,16.773809523809522,1.3521210347143295,0.9623846699787084,17.142857142857142,18.428571428571427,18.142857142857142,58.285714285714285,58.964285714285715,2.702983989775043,0.9351907934585101,57.42857142857143,61.57142857142857,58.142857142857146,0.024209277202349333,0.004537313432835699,0.143225981791004,0.027720605348425475,0.028364440078585407,0.032847178186429904,0.01683501683501687,0.043341708542713464,0.024137931034482696,0.0047244094488190225,0.0004186333070628212,10,42,0,0,0.01836243226971712,1
2021-10-25,52.285714285714285,2510472.714285714,17.571428571428573,875513.0,17.857142857142858,850294.7142857143,60.285714285714285,2594409.4285714286,3.383,84.85,113.605,54.60714285714286,53.97619047619048,1.7197334075948114,0.9686810763123069,56.42857142857143,55.0,55.285714285714285,17.464285714285715,17.773809523809522,1.834569774771019,0.9886135298057604,17.0,15.428571428571429,20.142857142857142,17.392857142857142,16.869047619047617,0.9854381945987594,1.058574453069866,16.142857142857142,17.142857142857142,15.285714285714286,58.607142857142854,59.285714285714285,2.8864567644539236,1.0168674698795181,55.142857142857146,57.42857142857143,59.0,-0.008184132266862876,0.008558183763223592,0.07609384908053274,0.014105807861294693,0.004537313432835699,0.028364440078585407,0.01836243226971712,0.06551181102362214,0.01683501683501687,0.024137931034482696,-0.0012150176889694775,10,43,0,0,0.0020691693762933117,1
2021-11-01,49.857142857142854,2662891.1428571427,18.285714285714285,745519.7142857143,16.142857142857142,830390.5714285715,60.0,2421339.5714285714,3.39,84.51,114.2067,53.39285714285714,53.4047619047619,2.9169339041810693,0.9335711101203745,52.285714285714285,56.42857142857143,54.714285714285715,17.07142857142857,17.82142857142857,1.2149857925878993,1.026052104208417,17.571428571428573,17.0,19.857142857142858,16.82142857142857,16.976190476190474,0.8360499936227958,0.9509116409537167,17.857142857142858,16.142857142857142,18.428571428571427,58.214285714285715,59.654761904761905,2.4173409802852825,1.0057872680103772,60.285714285714285,55.142857142857146,61.57142857142857,0.020919469176778643,-0.004007071302298049,0.03769646365422408,0.013708251912876434,0.008558183763223592,0.004537313432835699,0.0020691693762933117,0.06269592476489039,0.01836243226971712,0.01683501683501687,-0.0005880607907842172,11,44,0,0,0.005899705014749346,1
2021-11-08,46.857142857142854,2167598.285714286,19.0,869002.8571428572,19.857142857142858,739689.8571428572,64.42857142857143,3033587.5714285714,3.41,83.22,113.8256,51.357142857142854,53.1904761904762,4.044816957253776,0.8809310653536256,49.857142857142854,52.285714285714285,55.0,17.964285714285715,17.761904761904763,0.8679869587408661,1.0697050938337802,18.285714285714285,17.571428571428573,15.428571428571429,17.5,17.226190476190474,1.7670452681218278,1.1527297857636492,16.142857142857142,17.857142857142858,17.142857142857142,59.964285714285715,60.07142857142858,3.798272074022579,1.0725326991676576,60.0,60.285714285714285,57.42857142857143,-0.04397466102967815,-0.015264465743698996,-0.006328358208955276,0.010541258468800501,-0.004007071302298049,0.008558183763223592,0.005899705014749346,0.043771043771043905,0.0020691693762933117,0.01836243226971712,-0.006745283101189825,11,45,0,0,-0.003225806451612967,0
2021-11-15,52.42857142857143,2726932.0,19.0,783749.0,17.285714285714285,765193.4285714285,84.28571428571429,3336357.4285714286,3.399,81.94,114.5876,50.35714285714286,53.392857142857146,2.6147150311034335,0.9819397993311036,46.857142857142854,49.857142857142854,56.42857142857143,18.464285714285715,18.011904761904763,0.683876505540255,1.054857898215466,19.0,18.285714285714285,17.0,17.785714285714285,17.238095238095237,1.554016083055271,1.0027624309392265,19.857142857142858,16.142857142857142,16.142857142857142,67.25,61.583333333333336,11.536027564668391,1.3686448869128165,64.42857142857143,60.0,55.142857142857146,-0.10205125384965313,-0.015380918048546022,-0.026031142279805075,0.011381973102606108,-0.015264465743698996,-0.004007071302298049,-0.003225806451612967,0.023178807947019875,0.005899705014749346,0.0020691693762933117,0.005243447007146962,11,46,0,0,-0.0011768167107972793,0
2021-11-22,56.142857142857146,2789603.1428571427,18.571428571428573,693258.1428571428,17.285714285714285,767878.0,81.71428571428571,3284591.0,3.395,80.97,115.6481,51.32142857142857,53.583333333333336,3.9389473368464323,1.0477671628526994,52.42857142857143,46.857142857142854,52.285714285714285,18.714285714285715,18.25,0.3499271061119225,1.0176125244618397,19.0,19.0,17.571428571428573,17.642857142857142,17.273809523809526,1.5714285714285385,1.0006891798759474,17.285714285714285,19.857142857142858,17.857142857142858,72.60714285714286,63.01190476190476,12.181381466064016,1.296807103721897,84.28571428571429,64.42857142857143,60.285714285714285,-0.09071899272809586,-0.011837930192823976,-0.04572775486152025,0.005336377831656608,-0.015380918048546022,-0.015264465743698996,-0.0011768167107972793,0.003547147502217074,-0.003225806451612967,0.005899705014749346,0.017984243651247622,11,47,0,0,-0.004418262150220897,0
2021-11-29,56.57142857142857,2881113.0,17.714285714285715,687255.8571428572,17.571428571428573,616578.1428571428,77.14285714285714,3075066.4285714286,3.38,73.34,116.581,53.0,53.94047619047618,4.497920910488233,1.0487751048333702,56.142857142857146,52.42857142857143,49.857142857142854,18.57142857142857,18.11904761904762,0.6060915267313447,0.9776609724047306,18.571428571428573,19.0,18.285714285714285,18.0,17.357142857142858,1.2453996981544293,1.0123456790123457,17.285714285714285,17.285714285714285,16.142857142857142,76.89285714285714,64.64285714285715,8.818946055159218,1.1933701657458562,81.71428571428571,84.28571428571429,60.0,-0.058037980499075686,-0.09423243176485108,-0.13217370725357946,0.04006937965593746,-0.011837930192823976,-0.015380918048546022,-0.004418262150220897,-0.002949852507374673,-0.0011768167107972793,-0.003225806451612967,0.02078949833941457,11,48,0,0,-0.011538461538461497,0
2021-12-06,54.42857142857143,2921994.285714286,17.428571428571427,779967.2857142857,17.285714285714285,722464.4285714285,85.14285714285714,3560749.1428571427,3.341,73.38,116.1538,54.892857142857146,54.095238095238095,1.8857683974920998,1.006161971830986,56.57142857142857,56.142857142857146,46.857142857142854,18.178571428571427,18.0,0.731925054711407,0.9682539682539681,17.714285714285715,18.571428571428573,19.0,17.357142857142854,17.36904761904762,0.14285714285682066,0.9952021932830705,17.571428571428573,17.285714285714285,19.857142857142858,82.07142857142857,67.02380952380953,3.5942130358309687,1.2703374777975132,77.14285714285714,81.71428571428571,64.42857142857143,-0.05998890279138444,0.0005454049631850033,-0.11824080749819754,0.04321342476274745,-0.09423243176485108,-0.011837930192823976,-0.011538461538461497,-0.020234604105571874,-0.004418262150220897,-0.0011768167107972793,0.020454098199350623,12,49,0,1,-0.0077821011673152585,0
2021-12-13,58.142857142857146,2923397.285714286,17.285714285714285,684407.0,16.857142857142858,712150.8571428572,79.71428571428571,3140701.285714286,3.315,74.12,115.842,56.32142857142857,54.01190476190476,1.5269684518880666,1.0764822569980164,54.42857142857143,56.57142857142857,52.42857142857143,17.75,18.107142857142858,0.5758755534498928,0.9546351084812622,17.428571428571427,17.714285714285715,19.0,17.25,17.261904761904763,0.29450754468682766,0.976551724137931,17.285714285714285,17.571428571428573,17.285714285714285,80.92857142857143,68.82142857142857,3.3755825901802234,1.1582771146860404,85.14285714285714,77.14285714285714,84.28571428571429,-0.041486551075812506,0.010084491687108343,-0.09543568464730279,0.04776561392957055,0.0005454049631850033,-0.09423243176485108,-0.0077821011673152585,-0.0247131509267432,-0.011538461538461497,-0.004418262150220897,0.0109470832795171,12,50,0,1,-0.006033182503770718,0
2021-12-20,55.285714285714285,2691629.5714285714,16.428571428571427,752017.1428571428,16.571428571428573,824459.0,81.0,3679107.8571428573,3.295,70.51,116.0092,56.10714285714286,54.01190476190476,1.6178216647009471,1.0235838659907428,58.142857142857146,54.42857142857143,56.142857142857146,17.214285714285715,17.797619047619047,0.5532833351724661,0.923076923076923,17.285714285714285,17.428571428571427,18.571428571428573,17.07142857142857,17.369047619047617,0.4441609072898547,0.9540781357093902,16.857142857142858,17.285714285714285,17.285714285714285,80.75,70.6547619047619,3.338855969291288,1.1464195450716093,79.71428571428571,85.14285714285714,81.71428571428571,-0.011789617462166307,-0.04870480302212632,-0.12918364826478934,0.04822722447504443,0.010084491687108343,0.0005454049631850033,-0.006033182503770718,-0.02945508100147276,-0.0077821011673152585,-0.011538461538461497,0.0031224032214969277,12,51,0,1,-0.006069802731411222,0
2021-12-27,56.142857142857146,2654479.0,15.571428571428571,703503.8571428572,17.428571428571427,800191.1428571428,79.71428571428571,3538800.1428571427,3.275,75.24,115.4684,56.00000000000001,54.13095238095238,1.5907898179515114,1.0371673630965472,55.285714285714285,58.142857142857146,56.57142857142857,16.678571428571427,17.44047619047619,0.8601138984851389,0.8928327645051195,16.428571428571427,17.285714285714285,17.714285714285715,17.035714285714285,17.285714285714285,0.393397896234622,1.0082644628099173,16.571428571428573,16.857142857142858,17.571428571428573,81.39285714285714,72.16666666666667,2.5724204436238742,1.1045859452325963,81.0,79.71428571428571,77.14285714285714,-0.0107126339110451,0.06708268330733214,0.025906735751295207,0.04748289479946882,-0.04870480302212632,0.010084491687108343,-0.006069802731411222,-0.031065088757396442,-0.006033182503770718,-0.0077821011673152585,-0.009543579142398895,12,52,0,1,0.001832061068702373,1
2022-01-03,52.714285714285715,2869836.8571428573,18.857142857142858,858833.5714285715,14.285714285714286,656289.7142857143,79.42857142857143,3313609.0,3.281,78.25,115.4101,55.57142857142857,53.9404761904762,2.2497165354320083,0.9772677113220039,56.142857142857146,55.285714285714285,54.42857142857143,17.035714285714285,17.726190476190474,1.4015297764534593,1.0638012088650102,15.571428571428571,16.428571428571427,17.428571428571427,16.285714285714285,17.047619047619047,1.3801311186846947,0.8379888268156425,17.428571428571427,16.571428571428573,17.285714285714285,79.96428571428571,74.0,0.7034898429844798,1.0733590733590734,79.71428571428571,81.0,85.14285714285714,0.01189579490956752,0.04000531632110582,0.06636685745434723,0.049673636396697154,0.06708268330733214,-0.04870480302212632,0.001832061068702373,-0.017958695001496605,-0.006069802731411222,-0.006033182503770718,-0.0064027177759143905,1,1,0,1,0.004266991770801587,1
2022-01-10,54.42857142857143,2979391.5714285714,16.714285714285715,719050.8571428572,16.571428571428573,673625.7142857143,85.14285714285714,3646532.5714285714,3.295,81.56,115.2216,54.642857142857146,53.773809523809526,1.4638501094229215,1.0121762231569627,52.714285714285715,56.142857142857146,58.142857142857146,16.892857142857146,17.702380952380953,1.3966675596249845,0.9441829186281103,18.857142857142858,15.571428571428571,17.285714285714285,16.214285714285715,17.083333333333332,1.347711590293788,0.9700348432055751,14.285714285714286,17.428571428571427,16.857142857142858,81.32142857142857,76.5,2.6377041140347384,1.1129785247432307,79.42857142857143,79.71428571428571,79.71428571428571,-0.009843127433469684,0.04230031948881785,0.10037776578521318,0.05075330529999734,0.04000531632110582,0.06708268330733214,0.004266991770801587,-0.006033182503770718,0.001832061068702373,-0.006069802731411222,-0.005355570518464803,1,2,0,1,0.0033383915022762167,1
2022-01-17,54.857142857142854,2729902.714285714,18.428571428571427,972765.8571428572,14.714285714285714,707459.4285714285,84.28571428571429,3723996.1428571427,3.306,87.82,114.3825,54.535714285714285,53.988095238095234,1.4160162572572008,1.0160970231532525,54.42857142857143,52.714285714285715,55.285714285714285,17.392857142857142,17.773809523809522,1.5269684518879894,1.0368385800401876,16.714285714285715,18.857142857142858,16.428571428571427,15.75,16.821428571428573,1.4954579759468742,0.8747346072186836,16.571428571428573,14.285714285714286,16.571428571428573,82.14285714285714,78.5,2.9920529661721167,1.0737033666969973,85.14285714285714,79.42857142857143,81.0,-0.0003433942772802234,0.07675331044629718,0.24549709261097696,0.018219863442321262,0.04230031948881785,0.04000531632110582,0.0033383915022762167,0.0033383915022762167,0.004266991770801587,0.001832061068702373,-0.01402216375942611,1,3,0,1,0.005142165759225659,1
2022-01-24,51.0,2392738.714285714,16.428571428571427,613281.5714285715,15.714285714285714,650797.1428571428,85.28571428571429,3730609.1428571427,3.323,87.74,115.2034,53.25,54.083333333333336,1.7627089541791425,0.9429892141756548,54.857142857142854,54.42857142857143,56.142857142857146,17.607142857142858,17.61904761904762,1.2142857142857086,0.9324324324324322,18.428571428571427,16.714285714285715,15.571428571428571,15.32142857142857,16.78571428571429,1.0260219726864495,0.9361702127659572,14.714285714285714,16.571428571428573,17.428571428571427,83.53571428571429,80.60714285714285,2.7734773968335342,1.0580416482055828,84.28571428571429,85.14285714285714,79.71428571428571,0.032591623105093226,-0.0009109542245502311,0.16613503455608725,0.03177496928380567,0.07675331044629718,0.04230031948881785,0.005142165759225659,0.014656488549618318,0.0033383915022762167,0.004266991770801587,-0.002295000190528307,1,4,0,1,0.01354198013842911,1
2022-01-31,61.714285714285715,3213276.1428571427,15.571428571428571,580057.5714285715,14.857142857142858,648937.7142857143,87.28571428571429,3497322.5714285714,3.368,92.35,115.566,55.5,55.32142857142858,4.488079449258608,1.115558424790187,51.0,54.857142857142854,52.714285714285715,16.785714285714285,17.333333333333332,1.1980710119437101,0.8983516483516484,16.428571428571427,18.428571428571427,18.857142857142858,15.464285714285714,16.36904761904762,0.8601138984851702,0.9076363636363636,15.714285714285714,14.714285714285714,14.285714285714286,85.5,82.51190476190477,1.2697420596157147,1.0578560092338767,85.28571428571429,84.28571428571429,79.42857142857143,0.005149388496981072,0.05254160018235687,0.1801916932907348,0.03244768492702716,-0.0009109542245502311,0.07675331044629718,0.01354198013842911,0.02651630600426702,0.005142165759225659,0.0033383915022762167,0.001350834978914417,1,5,0,1,0.0225653206650831,1
2022-02-07,58.0,2867800.5714285714,17.857142857142858,777020.7142857143,14.285714285714286,593301.2857142857,79.28571428571429,3305911.0,3.444,97.28,115.0098,56.39285714285714,55.785714285714285,4.558575681602554,1.0396927016645328,61.714285714285715,51.0,54.42857142857143,17.07142857142857,17.238095238095237,1.3067069270487743,1.0359116022099448,15.571428571428571,16.428571428571427,16.714285714285715,14.892857142857142,16.11904761904762,0.5990355059718991,0.8862629246676513,14.857142857142858,15.714285714285714,16.571428571428573,84.03571428571429,82.09523809523809,3.403429642776751,0.9657772621809746,87.28571428571429,85.28571428571429,85.14285714285714,0.018088877319224123,0.05338386572820797,0.19274153997057386,0.03287588823233002,0.05254160018235687,-0.0009109542245502311,0.0225653206650831,0.04522003034901356,0.01354198013842911,0.005142165759225659,-0.0018381970047282037,2,6,0,1,0.012485481997677184,1
2022-02-14,58.57142857142857,3025736.285714286,19.0,862586.2857142857,17.714285714285715,767401.1428571428,86.71428571428571,3058557.5714285714,3.487,101.66,115.1946,57.32142857142857,55.98809523809524,4.519609579189276,1.0461407612162448,58.0,61.714285714285715,54.857142857142854,17.214285714285715,17.273809523809522,1.5185922589620857,1.0999310820124053,17.857142857142858,15.571428571428571,18.428571428571427,15.642857142857142,16.1547619047619,1.5005667863417835,1.0965364775239501,14.285714285714286,14.857142857142858,14.714285714285714,84.64285714285714,82.51190476190476,3.6691395495417805,1.0509306016447844,79.28571428571429,87.28571428571429,84.28571428571429,-0.07338473059934614,0.04502467105263164,0.15759508084718754,0.025888019246919955,0.05338386572820797,0.05254160018235687,0.012485481997677184,0.05474894131881425,0.0225653206650831,0.01354198013842911,0.007099862304111193,2,7,0,1,0.012331517063378206,1
2022-02-21,59.714285714285715,3071395.8571428573,17.0,821062.2857142857,15.857142857142858,751317.8571428572,84.14285714285714,3562983.1428571427,3.53,98.95,114.7982,59.5,56.25,1.6392299502912717,1.0615873015873016,58.57142857142857,58.0,51.0,17.357142857142858,17.21428571428571,1.4451419909993768,0.9875518672199172,19.0,17.857142857142858,16.428571428571427,15.67857142857143,16.011904761904763,1.5045283121885304,0.9903345724907063,17.714285714285715,14.285714285714286,15.714285714285714,84.35714285714286,83.09523809523809,3.646823237817985,1.0126074498567337,86.71428571428571,79.28571428571429,85.28571428571429,-0.013020297788664703,-0.026657485736769515,0.1277638477319354,0.038670116075121906,0.04502467105263164,0.05338386572820797,0.012331517063378206,0.06229310863677395,0.012485481997677184,0.0225653206650831,-0.003517257303169985,2,8,0,1,0.02209631728045336,1
2022-02-28,60.714285714285715,2810225.714285714,16.571428571428573,768559.2857142857,14.285714285714286,684576.8571428572,81.28571428571429,3392434.1428571427,3.608,103.08,115.2224,59.25,56.773809523809526,1.2086704901425664,1.0694065841895575,59.714285714285715,58.57142857142857,61.714285714285715,17.607142857142858,17.142857142857142,1.071428571428566,0.9666666666666668,17.0,19.0,15.571428571428571,15.535714285714286,15.761904761904761,1.6303874586447629,0.906344410876133,15.857142857142858,17.714285714285715,14.857142857142858,82.85714285714286,82.77380952380953,3.2534649242928317,0.9820221487127858,84.14285714285714,86.71428571428571,87.28571428571429,0.01889004738871422,0.04173825164224354,0.11618841364374677,0.03701263686628272,-0.026657485736769515,0.04502467105263164,0.02209631728045336,0.07125890736342044,0.012331517063378206,0.012485481997677184,-0.002973192807573244,2,9,0,1,0.13691796008869184,1
2022-03-07,58.142857142857146,3096202.1428571427,16.571428571428573,686175.1428571428,15.714285714285714,669628.5714285715,82.57142857142857,3442624.1428571427,4.102,129.02,117.3278,59.285714285714285,56.773809523809526,1.1605769149479808,1.0241140700356468,60.714285714285715,59.714285714285715,58.0,17.285714285714285,17.083333333333332,1.1605769149479856,0.9700348432055751,16.571428571428573,17.0,17.857142857142858,15.892857142857142,15.666666666666666,1.4063751833925997,1.0030395136778116,14.285714285714286,15.857142857142858,14.285714285714286,83.67857142857143,83.01190476190477,2.3368535156786585,0.9946938190162052,81.28571428571429,84.14285714285714,79.28571428571429,0.0020294385161903072,0.2516492045013583,0.32627467105263164,0.12042910391269178,0.04173825164224354,-0.026657485736769515,0.13691796008869184,0.1910569105691058,0.02209631728045336,0.012331517063378206,0.020154804199294274,3,10,0,0,0.05192588980984891,1
2022-03-14,62.42857142857143,3175713.0,17.571428571428573,851719.8571428572,16.428571428571427,676988.4285714285,83.14285714285714,3444199.285714286,4.315,110.39,117.1506,60.25,57.36904761904762,1.7971065179155565,1.0881925710728366,58.142857142857146,60.714285714285715,58.57142857142857,16.92857142857143,17.178571428571427,0.4738035414793139,1.0228690228690231,16.571428571428573,16.571428571428573,19.0,15.571428571428571,15.654761904761905,0.9110060223670959,1.0494296577946767,15.714285714285714,14.285714285714286,17.714285714285715,82.78571428571428,83.19047619047619,1.192379431003972,0.9994275901545506,82.57142857142857,81.28571428571429,86.71428571428571,-0.03997971047277177,-0.1443962176406759,0.08587448357269323,0.16622164542621443,0.2516492045013583,0.04173825164224354,0.05192588980984891,0.2374533983366791,0.13691796008869184,0.02209631728045336,0.016979962602413634,3,11,0,0,-0.01761297798377759,0
2022-03-21,54.0,2533299.5714285714,21.428571428571427,964640.0,17.428571428571427,846169.0,83.85714285714286,3981148.285714286,4.239,122.29,115.9398,58.82142857142857,57.1904761904762,3.6651976030478584,0.9442131557035802,62.42857142857143,58.142857142857146,59.714285714285715,18.035714285714285,17.666666666666668,2.310505436944402,1.2129380053908354,17.571428571428573,16.571428571428573,17.0,15.964285714285715,15.654761904761905,1.3215894367978875,1.1133079847908744,16.428571428571427,15.714285714285714,15.857142857142858,82.71428571428572,83.53571428571429,1.087967586551242,1.0038477982043608,83.14285714285714,82.57142857142857,84.14285714285714,-0.06857673602241271,0.10779961953075468,0.2358767054067712,0.16437258816867664,-0.1443962176406759,0.2516492045013583,-0.01761297798377759,0.20084985835694047,0.05192588980984891,0.13691796008869184,0.009944406793834792,3,12,0,0,-0.0018872375560273769,0
2022-03-28,64.42857142857143,3307592.4285714286,17.142857142857142,749480.1428571428,17.142857142857142,826261.7142857143,79.71428571428571,3236533.0,4.231,114.5,116.1911,59.75,58.166666666666664,4.644322113199773,1.1076545231273025,54.0,62.42857142857143,60.714285714285715,18.17857142857143,17.523809523809526,2.2050498629190156,0.9782608695652173,21.428571428571427,17.571428571428573,16.571428571428573,16.678571428571427,15.89285714285714,0.768203133566702,1.0786516853932586,17.428571428571427,16.428571428571427,14.285714285714286,82.32142857142857,83.55952380952381,1.8159347586346555,0.9539820487248895,83.85714285714286,83.14285714285714,81.28571428571429,-0.029637281702666968,-0.06370103851500541,0.11078773767947236,0.1771339848808448,0.10779961953075468,-0.1443962176406759,-0.0018872375560273769,0.17267184035476713,-0.01761297798377759,0.05192588980984891,0.008407219429555468,3,13,0,0,-0.014417395414795586,0
2022-04-04,61.285714285714285,3269222.714285714,19.285714285714285,1087365.142857143,20.428571428571427,995391.5714285715,75.71428571428571,3063355.714285714,4.17,108.15,115.4112,60.535714285714285,58.738095238095234,4.546621680707873,1.0433725172274018,64.42857142857143,54.0,58.142857142857146,18.857142857142858,17.738095238095237,1.9483116709979782,1.087248322147651,17.142857142857142,21.428571428571427,16.571428571428573,17.857142857142858,16.214285714285715,1.7651193326523995,1.2599118942731276,17.142857142857142,17.428571428571427,15.714285714285714,80.60714285714286,82.77380952380952,3.7295929999903445,0.9147130734934561,79.71428571428571,83.85714285714286,82.57142857142857,-0.0763114517854091,-0.05545851528384271,-0.16175786699736472,0.10573473120807315,-0.06370103851500541,0.10779961953075468,-0.014417395414795586,0.016577279375914022,-0.0018872375560273769,-0.01761297798377759,-0.016335429454911843,4,14,0,0,-0.01894484412470021,0
2022-04-11,61.285714285714285,3113761.714285714,22.285714285714285,1067594.2857142857,19.285714285714285,823622.4285714285,79.28571428571429,3037430.285714286,4.091,97.92,116.5401,60.25,59.273809523809526,4.422230483475449,1.0339425587467364,61.285714285714285,64.42857142857143,62.42857142857143,20.035714285714285,18.05952380952381,2.3046094007002416,1.2340145023071851,19.285714285714285,17.142857142857142,17.571428571428573,18.57142857142857,16.595238095238095,1.5605685341117397,1.1621233859397417,20.428571428571427,17.142857142857142,16.428571428571427,79.64285714285714,82.35714285714286,3.3329931799230965,0.9627059843885516,75.71428571428571,79.71428571428571,83.14285714285714,-0.0981966078455537,-0.09459084604715673,-0.11296313071836217,0.09109567020431178,-0.05545851528384271,-0.06370103851500541,-0.01894484412470021,-0.05191193511008119,-0.014417395414795586,-0.0018872375560273769,-0.005211240915539483,4,15,0,0,-0.0061109753116598275,0
2022-04-18,62.857142857142854,3063576.1428571427,21.0,878552.1428571428,21.285714285714285,899479.2857142857,86.85714285714286,3239447.0,4.066,110.83,116.8441,62.464285714285715,60.261904761904766,1.5045283121884447,1.0430659818253654,61.285714285714285,61.285714285714285,54.0,19.928571428571427,18.44047619047619,2.2269224668742726,1.1387992253066495,22.285714285714285,19.285714285714285,21.428571428571427,19.535714285714285,17.059523809523807,1.7933171483475951,1.2477320307048152,19.285714285714285,20.428571428571427,17.428571428571427,80.39285714285714,82.48809523809524,4.667699108338623,1.0529657959301486,79.28571428571429,75.71428571428571,83.85714285714286,-0.12064075844174466,0.13184232026143783,-0.09371166898356376,0.10293373502389283,-0.09459084604715673,-0.05545851528384271,-0.0061109753116598275,-0.04081151214909173,-0.01894484412470021,-0.014417395414795586,0.007799737449952326,4,16,0,0,0.010083620265617377,1
2022-04-25,60.42857142857143,3099854.0,21.571428571428573,1147919.2857142857,23.0,870858.2857142857,79.28571428571429,3456159.0,4.107,99.27,118.6271,61.464285714285715,60.1547619047619,1.0126747770540367,1.0045517514347913,62.857142857142854,61.285714285714285,64.42857142857143,21.035714285714285,18.940476190476193,1.2797480619406456,1.1389063482086736,21.0,22.285714285714285,17.142857142857142,21.0,17.738095238095237,1.5649215928717808,1.2966442953020134,21.285714285714285,19.285714285714285,17.142857142857142,80.28571428571428,81.82142857142857,4.693315553460318,0.9690091663029246,86.85714285714286,79.28571428571429,79.71428571428571,-0.10227789031210072,-0.10430388883876207,-0.13301310043668124,0.11035177347232647,0.13184232026143783,-0.09459084604715673,0.010083620265617377,-0.029307492318600747,-0.0061109753116598275,-0.01894484412470021,0.02096546121002385,4,17,0,0,0.018261504747991264,1
2022-05-02,62.0,2851363.285714286,21.142857142857142,845602.7142857143,18.714285714285715,972064.5714285715,80.57142857142857,3724314.8571428573,4.182,108.36,119.8825,61.642857142857146,60.488095238095234,1.0334540197242215,1.0249950797087188,60.42857142857143,62.857142857142854,61.285714285714285,21.5,19.214285714285715,0.5773502691896489,1.100371747211896,21.571428571428573,21.0,19.285714285714285,20.57142857142857,18.107142857142858,1.9587584572573515,1.0335305719921104,23.0,21.285714285714285,20.428571428571427,81.5,81.92857142857143,3.622492095172935,0.983435047951177,79.28571428571429,86.85714285714286,75.71428571428571,-0.03558311171597553,0.09156844968268363,0.0019417475728153999,0.12307673592556218,-0.10430388883876207,0.13184232026143783,0.018261504747991264,0.0028776978417266452,0.010083620265617377,-0.0061109753116598275,0.03874234043143132,5,18,1,0,0.034911525585844094,1
2022-05-09,62.714285714285715,3074345.714285714,20.285714285714285,952447.4285714285,21.857142857142858,1000980.4285714285,74.28571428571429,3457296.1428571427,4.328,106.67,120.4972,62.0,60.833333333333336,1.1126972805282718,1.0309197651663404,62.0,60.42857142857143,61.285714285714285,21.0,19.321428571428573,0.5345224838248707,1.0499075785582255,21.142857142857142,21.571428571428573,22.285714285714285,21.214285714285715,18.452380952380953,1.8126539343498205,1.1845161290322581,18.714285714285715,23.0,19.285714285714285,80.25,80.89285714285714,5.1723690278771635,0.9183222958057397,80.57142857142857,79.28571428571429,79.28571428571429,-0.04591644214064092,-0.01559616094499816,0.08935866013071903,0.10678811194025249,0.09156844968268363,-0.10430388883876207,0.034911525585844094,0.05793204595453427,0.018261504747991264,0.010083620265617377,0.03395483614652828,5,19,1,0,0.0376617375231052,1
2022-05-16,53.285714285714285,2588404.4285714286,18.857142857142858,928699.0,19.285714285714285,939887.1428571428,79.42857142857143,3036602.285714286,4.491,114.86,120.6881,59.60714285714286,60.297619047619044,4.32108420509054,0.8837117472852912,62.714285714285715,62.0,62.857142857142854,20.464285714285715,19.476190476190478,1.1973610438743085,0.9682151589242053,20.285714285714285,21.142857142857142,21.0,20.714285714285715,18.738095238095237,2.0470652628765476,1.0292249047013977,21.857142857142858,18.714285714285715,21.285714285714285,78.39285714285714,80.5,2.797897655833037,0.9866903283052352,74.28571428571429,80.57142857142857,86.85714285714286,0.03303946519596765,0.07677885066091683,0.036361995849499174,0.09094967532929166,-0.01559616094499816,0.09156844968268363,0.0376617375231052,0.10452533202164282,0.034911525585844094,0.018261504747991264,0.032898537452896726,5,20,1,0,0.022712090848363564,1
2022-05-23,62.42857142857143,3062684.4285714286,22.0,1070172.0,20.285714285714285,1003854.1428571428,78.14285714285714,3131984.1428571427,4.593,115.13,118.7169,60.107142857142854,60.44047619047618,4.557083146347124,1.0328934410084698,53.285714285714285,62.714285714285715,60.42857142857143,20.57142857142857,19.928571428571427,1.3401187885209866,1.103942652329749,18.857142857142858,20.285714285714285,21.571428571428573,20.035714285714285,19.238095238095237,1.377047022944769,1.0544554455445545,19.285714285714285,21.857142857142858,23.0,78.10714285714286,80.23809523809523,2.7339513155719137,0.9738872403560832,79.42857142857143,74.28571428571429,79.28571428571429,-0.04129469480971415,0.0023506877938359594,0.15976629394580444,0.0532741170920729,0.07677885066091683,-0.01559616094499816,0.022712090848363564,0.11833455076698307,0.0376617375231052,0.034911525585844094,0.0007569939752383181,5,21,1,0,0.00674940126279111,1
2022-05-30,61.857142857142854,2905992.714285714,21.142857142857142,1087931.142857143,19.285714285714285,967827.2857142857,80.28571428571429,3014419.0,4.624,123.01,118.2834,60.07142857142857,60.75,4.537822906933874,1.0182245737801292,62.42857142857143,53.285714285714285,62.0,20.571428571428573,20.309523809523807,1.3401187885209866,1.0410316529894492,22.0,18.857142857142858,21.142857142857142,20.17857142857143,19.53571428571429,1.2142857142855832,0.9872029250457036,20.285714285714285,19.285714285714285,18.714285714285715,78.03571428571429,80.04761904761905,2.650567902182603,1.0029744199881023,78.14285714285714,79.42857142857143,80.57142857142857,-0.012358392950846092,0.06844436723703651,0.13519748984865276,0.04645376915997162,0.0023506877938359594,0.07677885066091683,0.00674940126279111,0.1056910569105689,0.022712090848363564,0.0376617375231052,-0.013338894334035345,5,22,1,0,0.054498269896193996,1
2022-06-06,61.857142857142854,2832232.1428571427,24.285714285714285,1241956.2857142857,21.571428571428573,1112825.7142857143,77.42857142857143,3252105.1428571427,4.876,124.99,118.3081,59.857142857142854,60.702380952380956,4.389226141639195,1.0190233379093938,61.857142857142854,62.42857142857143,62.714285714285715,21.57142857142857,20.869047619047617,2.243660759883766,1.163719338277239,21.142857142857142,22.0,20.285714285714285,20.107142857142858,19.96428571428571,1.0840526131267327,1.080500894454383,19.285714285714285,20.285714285714285,21.857142857142858,78.82142857142857,79.57142857142857,1.2797480619402317,0.9730700179533214,80.28571428571429,78.14285714285714,74.28571428571429,-0.059078397148584316,0.01609625233720835,0.17174463298021925,0.037180901147352584,0.06844436723703651,0.0023506877938359594,0.054498269896193996,0.12661737523105354,0.00674940126279111,0.022712090848363564,-0.01816722712229002,6,23,1,0,0.026661197703035322,1
2022-06-13,60.42857142857143,2998529.0,20.142857142857142,1083161.857142857,21.0,1065196.857142857,79.28571428571429,3235845.714285714,5.006,128.44,121.1523,61.64285714285714,61.23809523809524,0.8531653746269731,0.9867807153965785,61.857142857142854,61.857142857142854,53.285714285714285,21.89285714285714,20.761904761904763,1.7665639810999636,0.970183486238532,24.285714285714285,21.142857142857142,18.857142857142858,20.535714285714285,20.261904761904763,0.9854381945986281,1.036427732079906,21.571428571428573,19.285714285714285,19.285714285714285,78.78571428571428,79.19047619047619,1.25898133965695,1.0012026458208059,77.42857142857143,80.28571428571429,79.42857142857143,0.0013513551160443948,0.027602208176654264,0.11823088977886131,0.028483545540450465,0.01609625233720835,0.06844436723703651,0.026661197703035322,0.11467379202850148,0.054498269896193996,0.00674940126279111,0.003846278133469605,6,24,1,0,-0.008789452656811969,0
2022-06-20,64.71428571428571,3292033.714285714,22.714285714285715,1239711.5714285714,22.428571428571427,1029170.4285714285,86.0,3465584.4285714286,4.962,118.25,121.2369,62.214285714285715,61.26190476190476,1.7975796274453468,1.0563544500582978,60.42857142857143,61.857142857142854,62.42857142857143,22.07142857142857,21.226190476190474,1.8164029640724497,1.070106561974201,20.142857142857142,24.285714285714285,22.0,21.07142857142857,20.702380952380953,1.3273676061680786,1.0833812535940195,21.0,21.571428571428573,20.285714285714285,80.75,79.71428571428572,3.69477476231182,1.078853046594982,79.28571428571429,77.42857142857143,78.14285714285714,-0.07217382805537503,-0.07933665524758637,0.027099800225831805,0.06253224839847003,0.027602208176654264,0.01609625233720835,-0.008789452656811969,0.08033964728935339,0.026661197703035322,0.054498269896193996,0.02122696936998869,6,25,1,0,-0.01813784764207982,0
2022-06-27,61.57142857142857,3194678.5714285714,22.571428571428573,1183750.2857142857,24.0,1254953.142857143,80.57142857142857,3472380.714285714,4.872,119.69,120.1736,62.14285714285714,61.285714285714285,1.8220120447341224,1.0046620046620047,64.71428571428571,60.42857142857143,61.857142857142854,22.428571428571427,21.5,1.7103128567683847,1.0498338870431894,22.714285714285715,20.142857142857142,21.142857142857142,22.25,21.0,1.306056014466721,1.1428571428571428,22.428571428571427,21.0,19.285714285714285,80.82142857142857,80.11904761904762,3.6855573979158165,1.0056463595839524,86.0,79.28571428571429,80.28571428571429,-0.05074984853657233,0.012177589852008452,-0.026989675636127197,0.04941649454940656,-0.07933665524758637,0.027602208176654264,-0.01813784764207982,0.05363321799307963,-0.008789452656811969,0.026661197703035322,0.01598026434816724,6,26,1,0,-0.020730706075533623,0
2022-07-04,60.714285714285715,3128564.1428571427,23.714285714285715,1051337.7142857143,23.857142857142858,1043876.5714285715,73.28571428571429,2913375.5714285714,4.771,121.8,121.5058,61.857142857142854,61.23809523809524,1.9656921371952079,0.9914463452566096,61.57142857142857,64.71428571428571,61.857142857142854,22.28571428571429,21.61904761904762,1.5163507931514997,1.0969162995594715,22.571428571428573,22.714285714285715,24.285714285714285,22.82142857142857,21.38095238095238,1.4063751833924225,1.115812917594655,24.0,22.428571428571427,21.571428571428573,79.78571428571428,79.61904761904762,5.219664544698485,0.9204545454545455,80.57142857142857,86.0,77.42857142857143,-0.031157526966320376,0.017628874592697796,-0.025522041763341052,0.04964892939630065,0.012177589852008452,-0.07933665524758637,-0.020730706075533623,-0.021534044298605504,-0.01813784764207982,-0.008789452656811969,0.027028580460678464,7,27,1,0,-0.026199958080067032,0
2022-07-11,58.57142857142857,3099078.1428571427,22.428571428571427,1156064.7142857143,20.714285714285715,904011.7142857143,76.28571428571429,3241100.4285714286,4.646,114.85,123.2974,61.392857142857146,60.88095238095238,2.5485089678444295,0.9620649198279233,60.714285714285715,61.57142857142857,60.42857142857143,22.857142857142854,21.73809523809524,0.5832118435198227,1.0317634173055859,23.714285714285715,22.571428571428573,20.142857142857142,22.75,21.333333333333332,1.5314170219889756,0.9709821428571429,23.857142857142858,24.0,21.0,79.03571428571429,78.73809523809524,5.522218572202891,0.9688539461747808,73.28571428571429,80.57142857142857,79.28571428571429,0.01658389345864178,-0.057060755336617475,-0.10580815945188415,0.04888386962908521,0.017628874592697796,0.012177589852008452,-0.026199958080067032,-0.07191370355573323,-0.020730706075533623,-0.01813784764207982,0.01770581326148979,7,28,1,0,-0.03357727077055528,0
2022-07-18,61.714285714285715,3203586.0,24.571428571428573,1358991.857142857,22.285714285714285,1057569.142857143,83.42857142857143,3443887.5714285714,4.49,117.27,122.7727,60.64285714285714,60.98809523809524,1.4498416521559878,1.0119070856919774,58.57142857142857,60.714285714285715,64.71428571428571,23.321428571428573,21.988095238095237,1.0126747770541393,1.1174878180833785,22.428571428571427,23.714285714285715,22.714285714285715,22.714285714285715,21.273809523809522,1.5430334996207535,1.0475657526580862,20.714285714285715,23.857142857142858,22.428571428571427,78.39285714285714,79.08333333333334,4.4954625650169,1.0549450549450547,76.28571428571429,73.28571428571429,86.0,-0.0579764278446242,0.021070962124510206,-0.00828752642706132,0.03719062502739655,-0.057060755336617475,0.017628874592697796,-0.03357727077055528,-0.09512293430068508,-0.026199958080067032,-0.020730706075533623,0.012667760393081595,7,29,1,0,-0.03563474387527843,0
2022-07-25,61.857142857142854,2891812.8571428573,22.857142857142858,1069207.4285714286,23.857142857142858,1173660.5714285714,85.57142857142857,3509110.285714286,4.33,108.23,122.4594,60.714285714285715,60.97619047619048,1.5163507931514482,1.0144474814525575,61.714285714285715,58.57142857142857,61.57142857142857,23.392857142857146,22.13095238095238,0.9502953354035858,1.0328133405056483,24.571428571428573,22.428571428571427,22.571428571428573,22.67857142857143,21.702380952380953,1.5045283121883621,1.0992868897421832,22.285714285714285,20.714285714285715,24.0,79.64285714285715,79.5,5.806986174890802,1.0763701707097932,83.42857142857143,76.28571428571429,80.57142857142857,-0.05572947060254557,-0.0770870640402489,-0.09574734731389423,0.050581711311957975,0.021070962124510206,-0.057060755336617475,-0.03563474387527843,-0.11124794745484401,-0.03357727077055528,-0.026199958080067032,0.019020816552054676,7,30,1,0,-0.031870669745958424,0
2022-08-01,58.714285714285715,2816134.0,24.0,1114538.857142857,26.285714285714285,1106572.142857143,78.71428571428571,3200669.1428571427,4.192,106.09,121.4109,60.214285714285715,60.64285714285714,1.8164029640724149,0.9681978798586574,61.857142857142854,61.714285714285715,60.714285714285715,23.464285714285715,22.44047619047619,0.9923174278178519,1.0694960212201592,22.857142857142858,24.571428571428573,23.714285714285715,23.285714285714285,22.07142857142857,2.376185704737913,1.190938511326861,23.857142857142858,22.285714285714285,23.857142857142858,81.0,79.86904761904762,4.252250304610469,0.9855418095096139,85.57142857142857,83.42857142857143,73.28571428571429,-0.053543555478822835,-0.019772706273676444,-0.12898193760262722,0.043286021484631954,-0.0770870640402489,0.021070962124510206,-0.031870669745958424,-0.12135820582687062,-0.03563474387527843,-0.03357727077055528,-0.0007810326749834173,8,31,1,0,-0.03673664122137399,0
2022-08-08,58.57142857142857,2874418.285714286,23.714285714285715,1123928.7142857143,23.142857142857142,1161310.0,85.0,3362736.0,4.038,103.46,121.8783,60.21428571428571,61.083333333333336,1.8164029640724149,0.9588774118105632,58.714285714285715,61.857142857142854,58.57142857142857,23.78571428571429,22.8452380952381,0.7142857142857251,1.0380406461698801,24.0,22.857142857142858,22.428571428571427,23.892857142857142,22.392857142857142,1.7197334075945299,1.0334928229665072,26.285714285714285,23.857142857142858,20.714285714285715,83.17857142857143,80.33333333333333,3.1110402486258115,1.058091286307054,78.71428571428571,85.57142857142857,76.28571428571429,-0.022125541813501126,-0.024790272410217806,-0.09917283413147582,0.04026114977323682,-0.019772706273676444,-0.0770870640402489,-0.03673664122137399,-0.1308652604390873,-0.031870669745958424,-0.03563474387527843,-0.011509569544856602,8,32,1,0,-0.024764735017335338,0
2022-08-15,61.285714285714285,2833465.714285714,20.428571428571427,1097157.7142857143,19.428571428571427,916176.1428571428,81.57142857142857,3075250.8571428573,3.938,98.25,121.4315,60.107142857142854,60.98809523809524,1.707825127659905,1.0048799531524497,58.57142857142857,58.714285714285715,61.714285714285715,22.75,22.71428571428571,1.622021079071538,0.89937106918239,23.714285714285715,24.0,24.571428571428573,23.17857142857143,22.321428571428573,2.8389300466061633,0.8703999999999998,23.142857142857142,26.285714285714285,22.285714285714285,82.71428571428571,80.61904761904762,3.198639166427684,1.0118133490844654,85.0,78.71428571428571,83.42857142857143,0.05338390714517377,-0.0503576261357046,-0.16218981836786894,0.026376529562453704,-0.024790272410217806,-0.019772706273676444,-0.024764735017335338,-0.12293986636971044,-0.03673664122137399,-0.031870669745958424,-0.010924252704387905,8,33,1,0,-0.014728288471305251,0
2022-08-22,63.714285714285715,3226493.285714286,24.285714285714285,1301099.2857142857,22.142857142857142,1136356.2857142857,84.14285714285714,3277170.714285714,3.88,95.06,123.605,60.57142857142857,61.14285714285714,2.4383556408556166,1.0420560747663552,61.285714285714285,58.57142857142857,61.857142857142854,23.107142857142854,22.976190476190478,1.800887914033402,1.0569948186528497,20.428571428571427,23.714285714285715,22.857142857142858,22.75,22.55952380952381,2.8317322406952057,0.9815303430079155,19.428571428571427,23.142857142857142,23.857142857142858,82.35714285714286,80.94047619047619,2.8320325145138683,1.039564641859097,81.57142857142857,85.0,85.57142857142857,-0.03003646957155434,-0.03246819338422391,-0.12168529982444798,0.01339919318793858,-0.0503576261357046,-0.024790272410217806,-0.014728288471305251,-0.10392609699769062,-0.024764735017335338,-0.03673664122137399,0.009354937228175153,8,34,1,0,-0.013659793814432941,0
2022-08-29,64.14285714285714,3165236.5714285714,23.571428571428573,1083890.857142857,23.571428571428573,1218208.857142857,83.42857142857143,3589538.8571428573,3.827,101.13,123.4686,61.92857142857143,61.333333333333336,2.567457250801596,1.045807453416149,63.714285714285715,61.285714285714285,58.714285714285715,23.0,22.916666666666668,1.741842015063993,1.0285714285714287,24.285714285714285,20.428571428571427,24.0,22.071428571428573,22.726190476190478,1.860802255483679,1.037192247249869,22.142857142857142,19.428571428571427,26.285714285714285,83.53571428571428,81.44047619047619,1.458612704046701,1.024411635725771,84.14285714285714,81.57142857142857,78.71428571428571,-0.033995691240804427,0.0638544077424783,-0.04675275709303428,0.05100080337680626,-0.03246819338422391,-0.0503576261357046,-0.013659793814432941,-0.08707061068702293,-0.014728288471305251,-0.024764735017335338,0.016948231171995287,8,35,1,0,-0.021165403710478148,0
2022-09-05,62.42857142857143,3684633.5714285714,26.142857142857142,1420178.142857143,23.285714285714285,1046152.8571428572,85.71428571428571,3727808.5714285714,3.746,94.22,123.7743,62.892857142857146,61.5,1.2955969390868405,1.0150987224157957,64.14285714285714,63.714285714285715,58.57142857142857,23.607142857142858,23.416666666666668,2.3801189017346527,1.11642094560244,23.571428571428573,24.285714285714285,23.714285714285715,22.107142857142854,22.916666666666668,1.8893723537608995,1.016103896103896,23.571428571428573,22.142857142857142,23.142857142857142,83.71428571428571,81.97619047619048,1.718249385967938,1.045599767644496,83.42857142857143,84.14285714285714,85.0,-0.04830583294165691,-0.06832789478888557,-0.08930987821380243,0.05896572013846039,0.0638544077424783,-0.03246819338422391,-0.021165403710478148,-0.0723130262506192,-0.013659793814432941,-0.014728288471305251,0.015556501854719018,9,36,0,0,-0.014949279231179946,0
2022-09-12,60.714285714285715,2923266.5714285714,25.142857142857142,1269135.142857143,22.714285714285715,1122465.7142857143,84.71428571428571,3783264.285714286,3.69,93.45,123.3332,62.75,61.166666666666664,1.5402756180604817,0.9926041261191125,62.42857142857143,64.14285714285714,61.285714285714285,24.785714285714285,23.619047619047617,1.1096362093077212,1.0645161290322582,26.142857142857142,23.571428571428573,20.428571428571427,22.92857142857143,22.94047619047619,0.6335302236019729,0.9901401141670992,23.285714285714285,23.571428571428573,19.428571428571427,84.5,81.86904761904762,0.9653873777473027,1.0347535262469099,85.71428571428571,83.42857142857143,81.57142857142857,-0.020503473891344964,-0.008172362555720625,-0.04885496183206106,0.055851703844966724,-0.06832789478888557,0.0638544077424783,-0.014949279231179946,-0.06297613001523616,-0.021165403710478148,-0.013659793814432941,0.015660681124749498,9,37,0,0,-0.009756097560975618,0
2022-09-19,57.857142857142854,2830698.8571428573,23.428571428571427,1089474.2857142857,23.0,992597.8571428572,81.57142857142857,3275579.4285714286,3.654,89.43,125.0104,61.28571428571428,60.85714285714286,2.6802375770419262,0.9507042253521125,60.714285714285715,62.42857142857143,63.714285714285715,24.571428571428573,23.69047619047619,1.3041013273932551,0.9889447236180904,25.142857142857142,26.142857142857142,24.285714285714285,23.142857142857142,22.857142857142858,0.36885555678093085,1.0062499999999999,22.714285714285715,23.285714285714285,22.142857142857142,83.85714285714285,81.95238095238095,1.7880936529060363,0.9953515398024405,84.71428571428571,85.71428571428571,84.14285714285714,0.01468737780683918,-0.04301765650080247,-0.059225752156532696,0.05741308328557508,-0.008172362555720625,-0.06832789478888557,-0.009756097560975618,-0.058247422680412386,-0.014949279231179946,-0.021165403710478148,0.011370090206706873,9,38,0,0,0.015599343185550119,1
2022-09-26,64.42857142857143,2991595.1428571427,24.0,1081635.142857143,23.714285714285715,1147407.857142857,88.0,3633536.4285714286,3.711,82.55,128.4539,61.35714285714286,61.166666666666664,2.783576713461967,1.0533281432463995,57.857142857142854,60.714285714285715,64.14285714285714,24.67857142857143,23.71428571428571,1.2086704901425802,1.0120481927710845,23.428571428571427,25.142857142857142,23.571428571428573,23.17857142857143,22.8452380952381,0.42658268731291377,1.0380406461698801,23.0,22.714285714285715,23.571428571428573,85.0,83.17857142857143,2.6675168712683965,1.0579647917561186,81.57142857142857,84.71428571428571,83.42857142857143,-0.04034544348587066,-0.07693167840769322,-0.1837239197073074,0.030856550116987284,-0.04301765650080247,-0.008172362555720625,0.015599343185550119,-0.030310948523647796,-0.009756097560975618,-0.014949279231179946,0.040377067529720145,9,39,0,0,0.019132309350579302,1
2022-10-03,61.714285714285715,3067975.714285714,27.714285714285715,1415408.7142857143,23.0,1146611.857142857,83.14285714285714,3339824.8571428573,3.782,90.68,127.0813,61.17857142857143,61.42857142857142,2.7139724129959832,1.0046511627906978,64.42857142857143,57.857142857142854,62.42857142857143,25.07142857142857,24.1547619047619,1.9005906708071565,1.1473632331197636,24.0,23.428571428571427,26.142857142857142,23.10714285714286,23.03571428571429,0.42658268731291915,0.9984496124031007,23.714285714285715,23.0,23.285714285714285,84.35714285714285,83.75,2.7466739316986692,0.9927505330490405,88.0,81.57142857142857,85.71428571428571,-0.03580363534065065,0.09848576620230176,-0.03757164084058573,0.07597294137213621,-0.07693167840769322,-0.04301765650080247,0.019132309350579302,0.009610250934329878,0.015599343185550119,-0.009756097560975618,0.026717985882368067,10,40,0,0,0.03437334743521947,1
2022-10-10,57.142857142857146,2749896.5714285714,21.0,1177381.2857142857,21.0,1018717.7142857143,79.85714285714286,3547399.285714286,3.912,97.13,127.3111,60.285714285714285,61.047619047619044,3.414654293713798,0.93603744149766,61.714285714285715,64.42857142857143,60.714285714285715,24.035714285714285,23.857142857142858,2.7759290900390767,0.8802395209580838,27.714285714285715,24.0,25.142857142857142,22.67857142857143,22.92857142857143,1.1686086849338824,0.9158878504672896,23.0,23.714285714285715,22.714285714285715,83.14285714285714,83.45238095238095,3.505098327538414,0.9569186875891584,83.14285714285714,88.0,84.71428571428571,0.07772912487195205,0.07112924569916168,0.03937934724451564,0.08546178051004141,0.09848576620230176,-0.07693167840769322,0.03437334743521947,0.060162601626016166,0.019132309350579302,0.015599343185550119,0.03225327811165202,10,41,0,0,-0.010480572597136972,0
2022-10-17,61.285714285714285,3080440.5714285714,24.571428571428573,1063552.0,22.714285714285715,1192820.0,90.0,3822454.5714285714,3.871,91.04,127.6448,61.14285714285714,61.0,3.007926037591163,1.0046838407494145,57.142857142857146,61.714285714285715,57.857142857142854,24.32142857142857,24.0,2.7513138481744446,1.023809523809524,21.0,27.714285714285715,23.428571428571427,22.607142857142858,22.833333333333332,1.1510125681209091,0.9947862356621482,21.0,23.0,23.0,85.25,83.82142857142857,4.606081457655296,1.0737111205794632,79.85714285714286,83.14285714285714,81.57142857142857,-0.024247680200137456,-0.06269947493050543,0.01800290730180021,0.09015498709405285,0.07112924569916168,0.09848576620230176,-0.010480572597136972,0.059386973180076685,0.03437334743521947,0.019132309350579302,0.021073446689235498,10,42,0,0,-0.02634978041849645,0
2022-10-24,63.142857142857146,2710170.714285714,24.571428571428573,1158294.2857142857,25.571428571428573,1181162.5714285714,83.14285714285714,3305731.4285714286,3.769,91.57,128.0304,60.82142857142857,61.36904761904762,2.5777039828360975,1.0289039767216295,61.285714285714285,57.142857142857146,64.42857142857143,24.464285714285715,24.04761904761905,2.743886215684947,1.0217821782178218,24.571428571428573,21.0,24.0,23.071428571428573,22.773809523809522,1.886219268603512,1.1228437009932046,22.714285714285715,21.0,23.714285714285715,84.03571428571429,84.19047619047619,4.267222008926603,0.9875565610859728,90.0,79.85714285714286,88.0,-0.04027160425465717,0.005821616871704682,0.10926711084191387,0.07198730131908015,-0.06269947493050543,0.07112924569916168,-0.02634978041849645,0.015629210455402998,-0.010480572597136972,0.03437334743521947,-0.0032969026242101185,10,43,0,0,-0.007163703900238794,0
2022-10-31,63.42857142857143,3094388.714285714,23.714285714285715,1277462.857142857,19.428571428571427,892489.4285714285,79.71428571428571,3523842.0,3.742,93.3,127.6219,61.25,61.773809523809526,2.8982166695996696,1.0267874349585662,63.142857142857146,61.285714285714285,61.714285714285715,23.464285714285715,24.047619047619047,1.691817040332433,0.9861386138613862,24.571428571428573,24.571428571428573,27.714285714285715,22.178571428571427,22.46428571428571,2.6299556396764965,0.8648648648648649,25.571428571428573,22.714285714285715,23.0,83.17857142857142,83.75,4.815472511623583,0.9518123667377398,83.14285714285714,90.0,83.14285714285714,0.04259917989436071,0.01889265043136401,0.028892809880899817,0.055096235197124116,0.005821616871704682,-0.06269947493050543,-0.007163703900238794,-0.01057641459545211,-0.02634978041849645,-0.010480572597136972,0.004253969702859406,10,44,0,0,0.014430785676109004,1
2022-11-07,56.285714285714285,3229661.714285714,25.857142857142858,1057900.857142857,25.0,1181348.4285714286,87.57142857142857,3790715.1428571427,3.796,99.87,126.3062,61.035714285714285,61.35714285714286,3.3060962038094677,0.9173457508731082,63.42857142857143,63.142857142857146,57.142857142857146,24.67857142857143,24.5,0.8835226340609301,1.055393586005831,23.714285714285715,24.571428571428573,21.0,23.17857142857143,22.92857142857143,2.788155218743925,1.0903426791277258,19.428571428571427,25.571428571428573,21.0,85.10714285714286,84.25,4.58090535566379,1.039423484527342,79.71428571428571,83.14285714285714,79.85714285714286,-0.025626375133501744,0.07041800643086815,0.0282096159785854,0.05482630645965966,0.01889265043136401,0.005821616871704682,0.014430785676109004,-0.029652351738241323,-0.007163703900238794,-0.02634978041849645,-0.007893263038336706,11,45,0,0,-0.008956796628029506,0
2022-11-14,56.0,2677458.8571428573,24.857142857142858,1324601.5714285714,24.714285714285715,1167418.2857142857,83.71428571428571,3865849.1428571427,3.762,93.59,123.4277,59.714285714285715,60.71428571428572,4.127228320003879,0.9223529411764705,56.285714285714285,63.42857142857143,61.285714285714285,24.75,24.547619047619047,0.8835226340609301,1.0126091173617846,25.857142857142858,23.714285714285715,24.571428571428573,23.67857142857143,23.142857142857142,2.8556543741778913,1.0679012345679013,25.0,19.428571428571427,22.714285714285715,83.53571428571428,84.21428571428571,3.2185157351507874,0.9940627650551315,87.57142857142857,79.71428571428571,90.0,0.0007684854596780311,-0.0628817462701512,0.028009666080843543,0.05490479328371072,0.07041800643086815,0.01889265043136401,-0.008956796628029506,-0.028158098682510957,0.014430785676109004,-0.007163703900238794,-0.03303777357166138,11,46,0,0,-0.030303030303030276,0
2022-11-21,54.142857142857146,2838576.5714285714,24.142857142857142,1147527.142857143,24.428571428571427,1153364.7142857143,88.14285714285714,3531872.5714285714,3.648,88.44,124.7009,57.46428571428572,59.88095238095238,4.088102864901213,0.9041749502982108,56.0,56.285714285714285,63.142857142857146,24.642857142857142,24.5952380952381,0.9367769320431459,0.9816069699903193,24.857142857142858,25.857142857142858,24.571428571428573,23.392857142857142,23.21428571428571,2.6531331753717047,1.0523076923076924,24.714285714285715,25.0,25.571428571428573,84.78571428571428,84.60714285714286,3.911434484673023,1.0417897847192907,83.71428571428571,87.57142857142857,83.14285714285714,0.005030150671121697,-0.05502724650069457,-0.03418150049142732,0.06349087477022697,-0.0628817462701512,0.07041800643086815,-0.030303030303030276,-0.032104006367736804,-0.008956796628029506,0.014430785676109004,-0.026005542433671813,11,47,0,0,-0.03125000000000011,0
2022-11-28,53.714285714285715,2253287.285714286,24.428571428571427,1398496.2857142857,21.428571428571427,1106657.0,82.85714285714286,3644078.285714286,3.534,83.5,123.6032,55.035714285714285,59.1547619047619,1.295596939086911,0.9080297846649227,54.142857142857146,56.0,63.42857142857143,24.821428571428573,24.452380952380953,0.7502833931708963,0.9990262901655306,24.142857142857142,24.857142857142858,23.714285714285715,23.892857142857142,23.05952380952381,1.659337627049908,0.9292720702116675,24.428571428571427,24.714285714285715,19.428571428571427,85.57142857142858,84.3690476190476,2.672612419123886,0.9820798645407085,88.14285714285714,83.71428571428571,79.71428571428571,0.045397997604292695,-0.05585707824513797,-0.105037513397642,0.06426667119080423,-0.05502724650069457,-0.0628817462701512,-0.03125000000000011,-0.05558524853019775,-0.030303030303030276,-0.008956796628029506,-0.03148910962773632,11,48,0,0,-0.04074702886247872,0
2022-12-05,56.285714285714285,2987464.4285714286,23.714285714285715,1210309.142857143,23.857142857142858,1189839.7142857143,84.0,3740805.714285714,3.39,83.36,122.6384,55.03571428571429,58.785714285714285,1.295596939086911,0.9574726609963548,53.714285714285715,54.142857142857146,56.285714285714285,24.285714285714285,24.333333333333332,0.4809288065886741,0.9745596868884541,24.428571428571427,24.142857142857142,25.857142857142858,23.607142857142858,23.1547619047619,1.4954579759466837,1.0303341902313625,21.428571428571427,24.428571428571427,25.0,84.67857142857142,84.30952380952381,2.3600270954280624,0.9963287207003672,82.85714285714286,88.14285714285714,87.57142857142857,0.010326185295865375,-0.0016766467065868484,-0.16531490938219695,0.028342544023803224,-0.05585707824513797,-0.05502724650069457,-0.04074702886247872,-0.10695468914646988,-0.03125000000000011,-0.030303030303030276,-0.02903895454063221,12,49,0,1,-0.044542772861356994,0
2022-12-12,51.857142857142854,2535373.0,25.571428571428573,1335067.5714285714,25.285714285714285,1181062.4285714286,83.57142857142857,3773773.285714286,3.239,78.0,122.7714,54.0,58.285714285714285,1.8182745801939704,0.8897058823529411,56.285714285714285,53.714285714285715,56.0,24.464285714285715,24.511904761904763,0.7943251103624919,1.0432248664400194,23.714285714285715,24.428571428571427,24.857142857142858,23.75,23.34523809523809,1.6552328894650314,1.0831208567057624,23.857142857142858,21.428571428571427,24.714285714285715,84.64285714285714,84.47619047619048,2.3804761428472285,0.9892897406989852,84.0,82.85714285714286,83.71428571428571,-0.001335336549427052,-0.06429942418426104,-0.1665776258147238,0.02866669528650012,-0.0016766467065868484,-0.05585707824513797,-0.044542772861356994,-0.13902179691653382,-0.04074702886247872,-0.03125000000000011,-0.005317282911372456,12,50,0,1,-0.03673973448595236,0
2022-12-19,55.714285714285715,2712359.4285714286,24.0,1195746.2857142857,24.0,1291293.0,89.28571428571429,3568721.8571428573,3.12,81.66,122.5275,54.39285714285714,57.5595238095238,2.0181995074076893,0.9679420889348502,51.857142857142854,56.285714285714285,54.142857142857146,24.42857142857143,24.511904761904763,0.8164965809277286,0.9791160757649344,25.571428571428573,23.714285714285715,24.142857142857142,23.642857142857142,23.369047619047617,1.6099182385119117,1.0269994905756497,25.285714285714285,23.857142857142858,24.428571428571427,84.92857142857143,84.58333333333333,2.9427646772340434,1.055594651653765,83.57142857142857,84.0,88.14285714285714,-0.00741307673229985,0.046923076923076845,-0.07666214382632297,0.051820638433230766,-0.06429942418426104,-0.0016766467065868484,-0.03673973448595236,-0.14473684210526316,-0.044542772861356994,-0.04074702886247872,-0.017428903881206992,12,51,0,1,-0.009294871794871762,0
2022-12-26,59.857142857142854,2901220.0,26.714285714285715,1262417.7142857143,25.285714285714285,1268155.857142857,79.85714285714286,3849649.1428571427,3.091,82.45,121.9743,55.92857142857143,57.404761904761905,3.27534595981287,1.0427208627125673,55.714285714285715,51.857142857142854,53.714285714285715,25.0,24.42857142857143,1.4045601146431088,1.0935672514619883,24.0,25.571428571428573,24.428571428571427,24.607142857142858,23.55952380952381,0.7857142857138679,1.0732693279434058,24.0,25.285714285714285,21.428571428571427,84.17857142857144,84.30952380952381,3.8797836393842355,0.947190059305281,89.28571428571429,83.57142857142857,82.85714285714286,-0.039186875355810585,0.009674259123193751,-0.012574850299401197,0.0462262672993639,0.046923076923076845,-0.06429942418426104,-0.009294871794871762,-0.12535370684776448,-0.03673973448595236,-0.044542772861356994,-0.01317846139905765,12,52,0,1,0.042704626334519435,1
2023-01-02,53.857142857142854,2443282.1428571427,26.857142857142858,1371377.0,22.0,1110272.0,84.42857142857143,3297528.4285714286,3.223,82.82,121.4256,55.32142857142857,57.13095238095238,3.4094207220382575,0.9426963950823087,59.857142857142854,55.714285714285715,56.285714285714285,25.78571428571429,24.916666666666668,1.3222327025633192,1.0778786430960343,26.714285714285715,24.0,23.714285714285715,24.142857142857142,23.642857142857142,1.5518257844569747,0.9305135951661632,25.285714285714285,24.0,23.857142857142858,84.28571428571429,84.69047619047619,3.8791260675076344,0.9969075063255552,79.85714285714286,89.28571428571429,84.0,0.013000965082484633,0.004487568223165539,-0.006477927063339828,0.046358520870587526,0.009674259123193751,0.046923076923076845,0.042704626334519435,-0.049262536873156404,-0.009294871794871762,-0.03673973448595236,-0.009889235345536207,1,1,0,1,0.011169717654359257,1
2023-01-09,55.0,3016361.285714286,26.571428571428573,1305000.857142857,24.428571428571427,1079463.4285714286,89.0,3832712.714285714,3.259,77.5,120.1508,56.10714285714286,56.607142857142854,2.6143897975637325,0.971608832807571,53.857142857142854,59.857142857142854,51.857142857142854,26.03571428571429,25.083333333333332,1.3621461657512228,1.059326056003797,26.857142857142858,26.714285714285715,25.571428571428573,23.92857142857143,23.78571428571428,1.3923991921153513,1.0270270270270272,22.0,25.285714285714285,25.285714285714285,85.64285714285715,84.60714285714286,4.453081177430653,1.051920641620937,84.42857142857143,79.85714285714286,83.57142857142857,-0.027470639364833044,-0.06423569186186906,-0.0064102564102563875,0.04632942531275021,0.004487568223165539,0.009674259123193751,0.011169717654359257,0.006174745291756656,0.042704626334519435,-0.009294871794871762,-0.021345362193475048,1,2,0,1,0.015648972077324297,1
2023-01-16,46.57142857142857,2602458.8571428573,24.428571428571427,1243347.7142857143,25.0,1288773.7142857143,86.28571428571429,3369697.1428571427,3.31,82.65,119.1673,53.82142857142857,55.22619047619048,5.488856986696609,0.8432851907738735,55.0,53.857142857142854,55.714285714285715,26.142857142857142,25.07142857142857,1.1487941030299869,0.9743589743589743,26.571428571428573,26.857142857142858,24.0,24.17857142857143,23.738095238095237,1.49545797594667,1.053159478435306,24.428571428571427,22.0,24.0,84.89285714285714,84.8690476190476,3.846325218578501,1.0166923832234538,89.0,84.42857142857143,89.28571428571429,0.028125993302098085,0.06645161290322599,0.012123438648053098,0.053506114491681,-0.06423569186186906,0.004487568223165539,0.015648972077324297,0.0608974358974359,0.011169717654359257,0.042704626334519435,-0.027424047662769624,1,3,0,1,0.031722054380664666,1
2023-01-23,57.0,2664447.1428571427,25.571428571428573,1181435.4285714286,26.285714285714285,1320758.4285714286,85.42857142857143,3215059.4285714286,3.415,87.54,119.1434,53.107142857142854,54.69047619047618,4.546621680707893,1.0422289943404441,46.57142857142857,55.0,59.857142857142854,25.857142857142858,25.226190476190478,1.1004019055515588,1.0136857008022653,24.428571428571427,26.571428571428573,26.714285714285715,24.428571428571427,24.309523809523807,1.7956864414250413,1.0812928501469148,25.0,24.428571428571427,25.285714285714285,86.28571428571428,85.34523809523809,1.9622283598124897,1.000976426279816,86.28571428571429,89.0,79.85714285714286,-0.034545992892360045,0.05916515426497271,0.06173438447543966,0.06049249309918506,0.06645161290322599,-0.06423569186186906,0.031722054380664666,0.10482044645745714,0.015648972077324297,0.011169717654359257,-0.02320898746703204,1,4,0,1,0.021669106881405442,1
2023-01-30,57.42857142857143,2748449.4285714286,22.714285714285715,1168001.142857143,21.714285714285715,1114124.2857142857,77.28571428571429,3360685.8571428573,3.489,84.9,118.8953,54.0,54.78571428571428,5.064213512817305,1.048239895697523,57.0,46.57142857142857,53.857142857142854,24.82142857142857,24.96428571428571,1.655232889465208,0.9098712446351933,25.571428571428573,24.428571428571427,26.857142857142858,24.357142857142854,24.03571428571428,1.925482535157524,0.9034175334323925,26.285714285714285,25.0,22.0,84.5,84.48809523809524,5.044698166573988,0.9147527124136959,85.42857142857143,86.28571428571429,84.42857142857143,0.05592965345529882,-0.030157642220699166,0.025114706592610725,0.06508536480784217,0.05916515426497271,0.06645161290322599,0.021669106881405442,0.0825318026683215,0.031722054380664666,0.015648972077324297,-0.0208382746307203,1,5,0,1,-0.012897678417884806,0
2023-02-06,58.57142857142857,3016161.285714286,26.857142857142858,1456439.857142857,25.428571428571427,1286100.0,78.85714285714286,3349538.5714285714,3.444,80.48,120.541,54.89285714285714,55.0,5.587126846113108,1.0649350649350648,57.42857142857143,57.0,55.0,24.892857142857142,25.130952380952383,1.7588454778535785,1.0686878256750354,22.714285714285715,25.571428571428573,26.571428571428573,24.607142857142858,24.09523809523809,2.001275103731536,1.0553359683794468,21.714285714285715,26.285714285714285,24.428571428571427,81.96428571428572,84.08333333333333,4.554096608369866,0.9378451083109162,77.28571428571429,85.42857142857143,89.0,-0.03170099182511579,-0.05206124852767968,0.03845161290322596,0.060732598055666026,-0.030157642220699166,0.05916515426497271,-0.012897678417884806,0.056765879104019756,0.021669106881405442,0.031722054380664666,0.0032475855341786986,2,6,0,1,-0.015679442508710784,0
2023-02-13,56.57142857142857,2681396.714285714,24.142857142857142,1149561.5714285714,23.428571428571427,1128320.0,78.57142857142857,3394578.4285714286,3.39,85.98,119.9828,57.39285714285714,55.202380952380956,0.8601138984850737,1.0248005175760189,58.57142857142857,57.42857142857143,46.57142857142857,24.82142857142857,25.13095238095238,1.7895197546774801,0.9606821411653246,26.857142857142858,22.714285714285715,24.428571428571427,24.21428571428571,24.011904761904763,2.0520439453727293,0.9757064947942488,25.428571428571427,21.714285714285715,25.0,80.03571428571429,83.28571428571429,3.6596252735568364,0.9433962264150942,78.85714285714286,77.28571428571429,86.28571428571429,0.02385365501232839,0.06833996023856859,0.04029038112522687,0.06131343548162735,-0.05206124852767968,-0.030157642220699166,-0.015679442508710784,0.024169184290030232,-0.012897678417884806,0.021669106881405442,0.006843320273262954,2,7,0,1,-0.003244837758112129,0
2023-02-20,52.714285714285715,2563273.4285714286,24.714285714285715,1354752.2857142857,27.857142857142858,1467461.857142857,86.42857142857143,4006440.5714285714,3.379,82.79,120.5526,56.32142857142857,55.11904761904762,2.540488463396942,0.9563714902807775,56.57142857142857,58.57142857142857,57.0,24.607142857142858,25.1547619047619,1.7197334075946982,0.9824893516327499,24.142857142857142,26.857142857142858,25.571428571428573,24.607142857142858,24.547619047619047,2.645429893179413,1.1348205625606207,23.428571428571427,25.428571428571427,26.285714285714285,80.28571428571428,83.58333333333334,4.151878519187913,1.034040734938043,78.57142857142857,78.85714285714286,85.42857142857143,-0.02693053485304775,-0.037101651546871284,-0.054260909298606386,0.0548239143646202,0.06833996023856859,-0.05206124852767968,-0.003244837758112129,-0.010541727672035095,-0.015679442508710784,-0.012897678417884806,0.011827763854313389,2,8,0,1,-0.010949985202722723,0
2023-02-27,60.42857142857143,2945897.5714285714,25.0,1189669.5714285714,25.714285714285715,1238536.857142857,77.85714285714286,3280754.5714285714,3.342,81.24,121.3941,57.07142857142857,55.464285714285715,3.3042952874915152,1.089504185447521,52.714285714285715,56.57142857142857,57.42857142857143,25.17857142857143,25.261904761904763,1.1744154719179547,0.9896324222431668,24.714285714285715,24.142857142857142,22.714285714285715,25.607142857142858,24.702380952380953,1.8121847602938947,1.0409638554216867,27.857142857142858,23.428571428571427,21.714285714285715,80.42857142857143,83.07142857142857,4.022048078814832,0.9372312983662942,86.42857142857143,78.57142857142857,77.28571428571429,-0.014332940369667146,-0.018722067882594673,-0.043109540636042554,0.05390368023338897,-0.037101651546871284,0.06833996023856859,-0.010949985202722723,-0.042132416165090225,-0.003244837758112129,-0.015679442508710784,0.021016810588811996,2,9,0,1,0.014063435068820906,1
2023-03-06,58.142857142857146,3072875.0,25.0,1147848.2857142857,21.857142857142858,935228.8571428572,84.42857142857143,3720379.285714286,3.389,85.86,120.485,56.964285714285715,55.988095238095234,3.2458765050004836,1.0384860727195409,60.42857142857143,52.714285714285715,58.57142857142857,24.714285714285715,25.21428571428571,0.40406101782087633,0.991501416430595,25.0,24.714285714285715,26.857142857142858,24.714285714285715,24.416666666666668,2.6263966158356227,0.8951730862993661,25.714285714285715,27.857142857142858,25.428571428571427,81.82142857142857,83.14285714285714,4.254449451580432,1.0154639175257734,77.85714285714286,86.42857142857143,78.85714285714286,0.014843876756181179,0.05686853766617439,0.06684890656063613,0.05300272711219167,-0.018722067882594673,-0.037101651546871284,0.014063435068820906,-0.015969802555168444,-0.010949985202722723,-0.003244837758112129,-0.00046457222024043343,3,10,0,0,0.01976984361168488,1
2023-03-13,56.714285714285715,2721858.8571428573,22.428571428571427,1241970.142857143,27.571428571428573,1421256.857142857,82.14285714285714,3584022.285714286,3.456,79.67,120.8897,57.0,56.07142857142858,3.2408951480330375,1.0114649681528662,58.142857142857146,60.42857142857143,56.57142857142857,24.28571428571429,25.083333333333332,1.2453996981544744,0.8941623160892264,25.0,25.0,24.142857142857142,25.75,24.71428571428572,2.763648874593164,1.115606936416185,21.857142857142858,25.714285714285715,23.428571428571427,82.71428571428572,82.54761904761905,3.6811710647784057,0.995096625324488,84.42857142857143,77.85714285714286,78.57142857142857,-0.004082711495691366,-0.07209410668530158,-0.07338916026983022,0.054456829449524666,0.05686853766617439,-0.018722067882594673,0.01976984361168488,0.019469026548672552,0.014063435068820906,-0.010949985202722723,0.007558583396953589,3,11,0,0,-0.00983796296296291,0
2023-03-20,59.57142857142857,2789917.5714285714,28.857142857142858,1578262.857142857,28.714285714285715,1511193.857142857,83.0,3613104.1428571427,3.422,72.42,121.0141,58.714285714285715,56.047619047619044,1.6329931618553806,1.0628717077315208,56.714285714285715,58.142857142857146,52.714285714285715,25.32142857142857,25.26190476190476,2.6505679021827833,1.1423185673892555,22.428571428571427,25.0,24.714285714285715,25.964285714285715,25.0,3.004248692116027,1.1485714285714286,27.571428571428573,21.857142857142858,27.857142857142858,81.85714285714286,82.80952380952381,2.828427124745942,1.0023001725129386,82.14285714285714,84.42857142857143,86.42857142857143,-0.08901546905128588,-0.0910003765532823,-0.12525667351129366,0.06623235271147689,-0.07209410668530158,0.05686853766617439,-0.00983796296296291,0.012725658478839996,0.01976984361168488,0.014063435068820906,0.0038282044518327396,3,12,0,0,-0.00029222676797202585,0
2023-03-27,58.285714285714285,2457062.4285714286,25.857142857142858,1341631.5714285714,23.857142857142858,1273470.2857142857,84.42857142857143,3748809.285714286,3.421,76.8,120.2541,58.17857142857143,56.416666666666664,1.1686086849340105,1.033129352184005,59.57142857142857,56.714285714285715,60.42857142857143,25.535714285714285,25.17857142857143,2.650567902182784,1.026950354609929,28.857142857142858,22.428571428571427,25.0,25.5,25.1547619047619,3.193317853199693,0.948414576431614,28.714285714285715,27.571428571428573,25.714285714285715,83.5,82.80952380952381,1.1278780268876096,1.019551466359977,83.0,82.14285714285714,77.85714285714286,-0.007011437396381243,0.06048053024026512,-0.05465288035450511,0.08133755407773616,-0.0910003765532823,-0.07209410668530158,-0.00029222676797202585,0.023638539796528857,-0.00983796296296291,0.01976984361168488,-0.009390901205247992,3,13,0,0,0.022215726395790725,1
2023-04-03,56.857142857142854,2789845.0,27.0,1496537.7142857143,26.0,1396636.4285714286,88.71428571428571,3519454.8571428573,3.497,85.81,119.3204,57.857142857142854,56.57142857142858,1.3451854182690297,1.005050505050505,58.285714285714285,59.57142857142857,58.142857142857146,26.035714285714285,25.21428571428572,2.7039276043925327,1.0708215297450423,25.857142857142858,28.857142857142858,25.0,26.535714285714285,25.28571428571429,2.1040130104869825,1.0282485875706213,23.857142857142858,28.714285714285715,21.857142857142858,84.57142857142857,82.78571428571429,2.9183911325796372,1.071613459879206,84.42857142857143,83.0,84.42857142857143,-0.04393352056134364,0.11731770833333344,-0.0005823433496389141,0.10140006225027931,0.06048053024026512,-0.0910003765532823,0.022215726395790725,0.03186780761286512,-0.00029222676797202585,-0.00983796296296291,-0.009665933518695269,4,14,0,0,0.02830997998284257,1
2023-04-10,64.71428571428571,3301890.1428571427,24.714285714285715,1245753.2857142857,26.428571428571427,1338471.0,88.14285714285714,3709539.5714285714,3.596,86.56,119.7948,59.857142857142854,58.083333333333336,3.4226138716316523,1.114162738266038,56.857142857142854,58.285714285714285,56.714285714285715,26.607142857142858,25.23809523809524,1.7665639810999645,0.9792452830188678,27.0,25.857142857142858,22.428571428571427,26.25,25.40476190476191,1.9910514092521354,1.0402999062792875,26.0,23.857142857142858,27.571428571428573,86.07142857142857,82.94047619047619,2.793335119249678,1.0627242715659537,88.71428571428571,84.42857142857143,82.14285714285714,-0.049108049782536745,0.00874024006526053,0.08648173716580887,0.08850031510007515,0.11731770833333344,0.06048053024026512,0.02830997998284257,0.0405092592592593,0.022215726395790725,-0.00029222676797202585,-0.009057016437297838,4,15,0,0,0.018631813125695063,1
2023-04-17,61.714285714285715,3109709.4285714286,26.714285714285715,1348646.142857143,26.428571428571427,1236573.7142857143,86.28571428571429,3916107.8571428573,3.663,85.63,119.2787,60.392857142857146,58.476190476190474,3.5290340934387032,1.0553745928338762,64.71428571428571,56.857142857142854,59.57142857142857,26.071428571428573,25.333333333333332,1.026850412040379,1.0545112781954888,24.714285714285715,27.0,28.857142857142858,25.678571428571427,25.416666666666668,1.2309777099721306,1.0398126463700232,26.428571428571427,26.0,28.714285714285715,86.89285714285714,83.01190476190477,1.9426295384884125,1.0394378316363113,88.14285714285714,88.71428571428571,83.0,-0.04728408725892491,-0.01074399260628478,0.18240817453742042,0.057408591315199466,0.00874024006526053,0.11731770833333344,0.018631813125695063,0.07042665108123902,0.02830997998284257,0.022215726395790725,-0.014340477679873675,4,16,0,0,-0.0019110019110017973,0
2023-04-24,63.57142857142857,3136354.285714286,27.285714285714285,1547360.7142857143,29.571428571428573,1562809.4285714286,80.42857142857143,3695602.4285714286,3.656,84.23,119.2039,61.71428571428571,58.98809523809524,3.4660648352528662,1.077699293642785,61.714285714285715,64.71428571428571,58.285714285714285,26.42857142857143,25.71428571428572,1.1664236870396174,1.061111111111111,26.714285714285715,24.714285714285715,25.857142857142858,27.107142857142858,26.071428571428573,1.6552328894649424,1.1342465753424658,26.428571428571427,26.428571428571427,23.857142857142858,85.89285714285714,83.27380952380953,3.7875108046362507,0.9658327376697641,86.28571428571429,88.14285714285714,84.42857142857143,-0.059722429441531416,-0.01634941025341574,0.09674479166666683,0.06264736695534237,-0.01074399260628478,0.00874024006526053,-0.0019110019110017973,0.06869336451330033,0.018631813125695063,0.02830997998284257,-0.008733174170360791,4,17,0,0,-0.015317286652078765,0
2023-05-01,60.142857142857146,3059602.285714286,27.857142857142858,1518267.4285714286,28.285714285714285,1497295.4285714286,82.0,3780705.5714285714,3.6,81.32,119.4435,62.53571428571429,59.11904761904761,2.0181995074075907,1.0173177607732582,63.57142857142857,61.714285714285715,56.857142857142854,26.642857142857146,25.797619047619047,1.3677530110804923,1.0798338717120444,27.285714285714285,26.714285714285715,27.0,27.678571428571427,26.30952380952381,1.535852706939707,1.0751131221719457,29.571428571428573,26.428571428571427,26.0,84.21428571428571,83.53571428571429,3.603664046192641,0.9816160752458315,80.42857142857143,86.28571428571429,88.71428571428571,-0.03847020747576993,-0.034548260714709844,-0.05232490385735944,0.017823865604340346,-0.01634941025341574,-0.01074399260628478,-0.015317286652078765,0.02945381755790688,-0.0019110019110017973,0.018631813125695063,0.0010316760587458784,5,18,1,0,-0.018611111111111134,0
2023-05-08,59.57142857142857,2822601.0,27.285714285714285,1343364.4285714286,26.142857142857142,1195119.142857143,85.42857142857143,3672679.4285714286,3.533,75.85,118.5759,61.25,59.36904761904761,1.7933171483475727,1.0034088630439142,60.142857142857146,63.57142857142857,64.71428571428571,27.285714285714285,26.05952380952381,0.4665694748158872,1.0470534490634993,27.857142857142858,27.285714285714285,24.714285714285715,27.607142857142858,26.53571428571428,1.6178216647005859,0.9851951547779275,28.285714285714285,29.571428571428573,26.428571428571427,83.53571428571429,84.10714285714285,2.7783786198249714,1.015711252653928,82.0,80.42857142857143,88.14285714285714,-0.012842179884817256,-0.06726512543039842,-0.12372920517560082,0.02547335828831528,-0.034548260714709844,-0.01634941025341574,-0.018611111111111134,-0.017519466073414924,-0.015317286652078765,-0.0019110019110017973,-0.010174899077422306,5,19,1,0,0.0008491367110106118,1
2023-05-15,67.0,3299261.5714285714,26.428571428571427,1336460.857142857,27.0,1177219.0,77.42857142857143,3616595.8571428573,3.536,75.46,119.1608,62.57142857142857,60.55952380952382,3.440455593940594,1.1063495183801846,59.57142857142857,60.142857142857146,61.714285714285715,27.214285714285715,26.202380952380953,0.5890150893739854,1.0086324398000908,27.285714285714285,27.857142857142858,26.714285714285715,27.75,26.46428571428571,1.4999999999996831,1.0202429149797572,26.142857142857142,28.285714285714285,26.428571428571427,81.32142857142857,83.35714285714285,3.3306962357688294,0.9288774635818339,85.42857142857143,82.0,86.28571428571429,-0.016025584185466596,-0.00514172709294658,-0.1187667873408852,0.027147244257609886,-0.06726512543039842,-0.034548260714709844,0.0008491367110106118,-0.034671034671034606,-0.018611111111111134,-0.015317286652078765,-0.000988441356252201,5,20,1,0,-0.0005656108597286158,0
2023-05-22,63.142857142857146,2846880.0,29.0,1449783.142857143,27.714285714285715,1366800.857142857,84.42857142857143,3812649.0,3.534,75.77,120.0875,62.464285714285715,60.785714285714285,3.405427840302858,1.0387779083431259,67.0,59.57142857142857,63.57142857142857,27.642857142857142,26.53571428571429,1.0785477764672728,1.0928667563930012,26.428571428571427,27.285714285714285,27.285714285714285,27.285714285714285,26.63095238095238,0.9258200997720604,1.0406794814483684,27.0,26.142857142857142,29.571428571428573,82.32142857142857,83.9047619047619,3.565471221874068,1.0062429057888764,77.42857142857143,85.42857142857143,80.42857142857143,-0.04464176299334299,0.0041081367611979225,-0.10043927341802217,0.03223413521986733,-0.00514172709294658,-0.06726512543039842,-0.0005656108597286158,-0.03336980306345738,0.0008491367110106118,-0.018611111111111134,0.007412509154482327,5,21,1,0,0.010469722693831507,1
2023-05-29,65.42857142857143,2998956.5714285714,23.571428571428573,1197924.142857143,25.857142857142858,1313197.0,86.57142857142857,3621498.714285714,3.571,76.33,120.6304,63.78571428571429,61.392857142857146,3.2251140358469805,1.065735892961024,63.142857142857146,67.0,60.142857142857146,26.571428571428573,26.416666666666668,2.2677868380553696,0.8922938260477693,29.0,26.428571428571427,27.857142857142858,26.678571428571427,26.96428571428572,0.8441475191059632,0.9589403973509932,27.714285714285715,27.0,28.285714285714285,83.46428571428571,84.08333333333333,4.117946453415307,1.0295908254282884,84.42857142857143,77.42857142857143,82.0,0.013359764552981296,0.007390787910782626,-0.061362518445646774,0.035095541366721196,0.0041081367611979225,-0.00514172709294658,0.010469722693831507,-0.008055555555555483,-0.0005656108597286158,0.0008491367110106118,0.009936915780264233,5,22,1,0,-0.008401008120974551,0
2023-06-05,65.85714285714286,3312496.0,26.428571428571427,1442993.142857143,24.428571428571427,1268955.857142857,80.0,3323921.714285714,3.541,76.61,120.0048,65.35714285714286,62.154761904761905,1.6183471874251951,1.059567132733193,65.42857142857143,63.142857142857146,59.57142857142857,26.357142857142858,26.75,2.217739242322866,0.9879839786381842,23.571428571428573,29.0,27.285714285714285,26.25,26.70238095238095,1.435104111039683,0.9148461881408828,25.857142857142858,27.714285714285715,26.142857142857142,82.10714285714286,83.9047619047619,4.149215154044963,0.9534619750283769,86.57142857142857,84.42857142857143,85.42857142857143,0.021035181364840755,0.0036682824577491946,0.010019775873434389,0.005362419378945943,0.007390787910782626,0.0041081367611979225,-0.008401008120974551,0.002264364562694521,0.010469722693831507,-0.0005656108597286158,0.012050509420548305,6,23,1,0,0.015249929398475137,1
2023-06-12,62.857142857142854,3221762.5714285714,26.571428571428573,1490629.142857143,28.142857142857142,1445111.0,81.71428571428571,3595202.285714286,3.595,71.8,119.6376,64.32142857142857,62.42857142857142,1.5402756180603918,1.0068649885583525,65.85714285714286,65.42857142857143,67.0,26.392857142857142,26.55952380952381,2.2204216061017696,1.0004482294935007,26.428571428571427,23.571428571428573,26.428571428571427,26.535714285714285,26.6547619047619,1.7197334075944566,1.0558284948637786,24.428571428571427,25.857142857142858,27.0,83.17857142857142,83.79761904761905,2.9052497638713697,0.9751385139934649,80.0,86.57142857142857,77.42857142857143,-0.009570056727274151,-0.0627855371361441,-0.048502517890272934,0.03396127287124219,0.0036682824577491946,0.007390787910782626,0.015249929398475137,0.01668552036199089,-0.008401008120974551,0.010469722693831507,0.004001315868977118,6,24,1,0,-0.005006954102920735,0
2023-06-19,56.0,3091981.1428571427,25.285714285714285,1373223.5714285714,27.142857142857142,1344075.4285714286,84.0,3345238.0,3.577,76.09,118.4184,62.53571428571429,62.23809523809524,4.554096608369981,0.899770466717674,62.857142857142854,65.85714285714286,63.142857142857146,25.464285714285715,26.51190476190476,1.3868919884962627,0.9537494387067805,26.571428571428573,26.428571428571427,29.0,26.39285714285714,26.928571428571427,1.6093899634398567,1.0079575596816976,28.142857142857142,24.428571428571427,27.714285714285715,83.07142857142857,83.76190476190476,2.851184262842151,1.0028425241614554,81.71428571428571,80.0,84.42857142857143,0.03392000268309811,0.059749303621170036,0.004223307377590135,0.050212852010304475,-0.0627855371361441,0.0036682824577491946,-0.005006954102920735,0.012167515563101361,0.015249929398475137,-0.008401008120974551,-0.013899031955865504,6,25,1,0,-0.0016773832820798917,0
2023-06-26,61.714285714285715,3102936.8571428573,28.571428571428573,1504006.2857142857,25.142857142857142,1238891.7142857143,87.14285714285714,3688505.0,3.571,73.86,119.0761,61.60714285714286,62.642857142857146,4.126198032581727,0.9851767388825541,56.0,62.857142857142854,65.42857142857143,26.714285714285715,26.642857142857142,1.3652639225553909,1.0723860589812333,25.285714285714285,26.571428571428573,23.571428571428573,26.214285714285715,26.857142857142858,1.7241778085932584,0.9361702127659575,27.142857142857142,28.142857142857142,25.857142857142858,83.21428571428572,83.63095238095238,3.089371730153768,1.0419928825622775,84.0,81.71428571428571,86.57142857142857,-0.008931473298005588,-0.02930739913260616,-0.03235949168085939,0.052213708192610585,0.059749303621170036,-0.0627855371361441,-0.0016773832820798917,0.0,-0.005006954102920735,0.015249929398475137,-0.012884811788736461,6,26,1,0,-0.012321478577429268,0
2023-07-03,61.714285714285715,2999839.285714286,25.0,1078767.7142857143,27.142857142857142,1299995.0,82.14285714285714,3562360.5714285714,3.527,74.52,119.2119,60.57142857142857,62.39285714285714,3.094871773194609,0.9891242129364626,61.714285714285715,56.0,65.85714285714286,26.357142857142858,26.666666666666668,1.6267324621465562,0.9375,28.571428571428573,25.285714285714285,26.428571428571427,26.892857142857142,26.916666666666668,1.2583057392114432,1.0084033613445378,25.142857142857142,27.142857142857142,24.428571428571427,83.75,83.13095238095238,2.469886664616993,0.9881139911212945,87.14285714285714,84.0,80.0,0.019214608649426285,0.008935824532900094,-0.027281033807596944,0.05264280321343763,-0.02930739913260616,0.059749303621170036,-0.012321478577429268,-0.003953685399604612,-0.0016773832820798917,-0.005006954102920735,-0.006607235710571646,7,27,1,0,0.005387014459880879,1
2023-07-10,68.28571428571429,3146575.4285714286,27.0,1423146.5714285714,24.714285714285715,994862.4285714285,86.28571428571429,3404035.1428571427,3.546,77.83,118.9548,61.92857142857143,62.9404761904762,5.021721525018049,1.0849252884433516,61.714285714285715,61.714285714285715,62.857142857142854,26.464285714285715,26.690476190476193,1.6593376270500992,1.0115967885816235,25.0,28.571428571428573,26.571428571428573,26.035714285714285,26.77380952380953,1.2903356099843823,0.9230769230769229,27.142857142857142,25.142857142857142,28.142857142857142,84.89285714285714,83.13095238095238,2.262907046106414,1.0379493054561078,82.14285714285714,87.14285714285714,81.71428571428571,-0.01438707638950143,0.044417606011808886,0.0839832869080781,0.03969156529919641,0.008935824532900094,-0.02930739913260616,0.005387014459880879,-0.01363004172461768,-0.012321478577429268,-0.0016773832820798917,-0.00570723585227384,7,28,1,0,0.0036661026508744143,1
2023-07-17,63.42857142857143,3165642.0,29.285714285714285,1353567.7142857143,27.142857142857142,1383530.7142857143,85.57142857142857,3541432.1428571427,3.559,77.8,117.1267,63.78571428571429,62.92857142857144,3.1069375958472847,1.0079455164585698,68.28571428571429,61.714285714285715,56.0,27.464285714285715,26.857142857142858,1.9001432097837034,1.0904255319148937,27.0,25.0,25.285714285714285,26.03571428571429,26.57142857142857,1.2903356099843823,1.021505376344086,24.714285714285715,27.142857142857142,27.142857142857142,85.28571428571428,83.55952380952381,2.1915111426670086,1.024077503917937,86.28571428571429,82.14285714285714,84.0,-0.035988482158871626,-0.00038545547989210505,0.022473386778814497,0.03039676073963018,0.044417606011808886,0.008935824532900094,0.0036661026508744143,-0.005032149846239786,0.005387014459880879,-0.012321478577429268,-0.010907933226593225,7,29,1,0,0.010396178701882475,1
2023-07-24,63.57142857142857,3057478.285714286,25.285714285714285,1316481.142857143,28.428571428571427,1260526.4285714286,80.42857142857143,3395279.714285714,3.596,82.53,117.8124,64.25,63.21428571428572,2.8196950672206227,1.0056497175141241,63.42857142857143,68.28571428571429,61.714285714285715,26.642857142857142,26.642857142857142,1.9708763891976158,0.9490616621983914,29.285714285714285,27.0,28.571428571428573,26.857142857142854,26.583333333333332,1.551825784456891,1.0694133452754142,27.142857142857142,24.714285714285715,25.142857142857142,83.60714285714286,83.42857142857143,2.7857142857140156,0.964041095890411,85.57142857142857,86.28571428571429,87.14285714285714,0.0029585447804148235,0.06079691516709507,0.1173842404549148,0.028945774540770033,-0.00038545547989210505,0.044417606011808886,0.010396178701882475,0.007000840100812145,0.0036661026508744143,0.005387014459880879,-0.010612541055677882,7,30,1,0,0.04477196885428247,1
2023-07-31,64.28571428571429,2911782.714285714,26.571428571428573,1274436.5714285714,24.0,1101756.4285714286,89.71428571428571,3601923.285714286,3.757,85.22,117.8241,64.89285714285715,63.607142857142854,2.292771842353236,1.0106681639528357,63.57142857142857,63.42857142857143,61.714285714285715,27.035714285714285,26.583333333333332,1.6675167899898329,0.9995521719659651,25.285714285714285,29.285714285714285,25.0,26.07142857142857,26.40476190476191,2.0685530122829965,0.9089269612263299,28.428571428571427,27.142857142857142,27.142857142857142,85.5,83.78571428571429,3.834146615885611,1.0707587382779198,80.42857142857143,85.57142857142857,82.14285714285714,0.0025234911442373886,0.0325942081667272,0.14358561460010733,0.025887130326371976,0.06079691516709507,-0.00038545547989210505,0.04477196885428247,0.06521122767224274,0.010396178701882475,0.0036661026508744143,-0.01164145525740301,7,31,1,0,0.018898056960340526,1
2023-08-07,65.57142857142857,2975239.0,24.857142857142858,1117536.5714285714,20.571428571428573,967532.1428571428,82.14285714285714,3341148.8571428573,3.828,86.47,119.0809,64.21428571428572,63.48809523809524,0.9793792286284377,1.0328145509094318,64.28571428571429,63.57142857142857,68.28571428571429,26.5,26.452380952380953,1.9948914348241436,0.9396939693969397,26.571428571428573,25.285714285714285,27.0,25.035714285714285,25.86904761904762,3.509704718474714,0.7952139898757479,24.0,28.428571428571427,24.714285714285715,84.46428571428572,84.17857142857143,4.101393491415683,0.975816716164616,89.71428571428571,80.42857142857143,86.28571428571429,0.06411519341331617,0.014667918329030805,0.11101117820891693,0.026302999914522666,0.0325942081667272,0.06079691516709507,0.018898056960340526,0.07952622673434862,0.04477196885428247,0.010396178701882475,0.001060066512658553,8,32,1,0,0.005747126436781658,1
2023-08-14,63.857142857142854,3056815.0,25.571428571428573,1204823.0,26.0,1240086.857142857,80.14285714285714,3689550.5714285714,3.85,87.4,120.0725,64.32142857142857,63.547619047619044,0.8835226340606117,1.0048707381041588,65.57142857142857,64.28571428571429,63.42857142857143,25.571428571428573,26.166666666666668,0.7284313590847108,0.9772520473157416,24.857142857142858,26.571428571428573,29.285714285714285,24.75,25.726190476190478,3.322516462902457,1.0106432207311429,20.571428571428573,24.0,27.142857142857142,83.10714285714286,83.82142857142857,4.492435062314662,0.9561141883255219,82.14285714285714,89.71428571428571,85.57142857142857,0.012779951380858717,0.010755175205273693,0.12339331619537286,0.022805440792039153,0.014667918329030805,0.0325942081667272,0.005747126436781658,0.08176454060129257,0.018898056960340526,0.04477196885428247,0.02515054210525869,8,33,1,0,0.00467532467532461,1
2023-08-21,61.857142857142854,3022217.8571428573,24.428571428571427,1256014.142857143,24.714285714285715,1196655.142857143,79.42857142857143,3078958.285714286,3.868,85.44,120.4627,63.89285714285714,63.25,1.5402756180603911,0.9779785431959345,63.857142857142854,65.57142857142857,63.57142857142857,25.357142857142858,26.23809523809524,0.9367769320431647,0.9310344827586206,25.571428571428573,24.857142857142858,25.285714285714285,23.821428571428573,25.63095238095238,2.3193213879666903,0.9642359498374362,26.0,20.571428571428573,28.428571428571427,82.85714285714285,83.22619047619048,4.713564158344346,0.9543699041624946,80.14285714285714,82.14285714285714,80.42857142857143,0.04309528001137855,-0.022425629290617977,0.03525990548891311,0.022945014641216305,0.010755175205273693,0.014667918329030805,0.00467532467532461,0.07563959955506117,0.005747126436781658,0.018898056960340526,0.022495934214055602,8,34,1,0,-0.014219234746638998,0
2023-08-28,60.857142857142854,2760174.1428571427,22.142857142857142,1112027.4285714286,22.428571428571427,1067485.7142857143,85.28571428571429,3641127.4285714286,3.813,85.42,120.3155,63.035714285714285,62.833333333333336,2.1007773099788567,0.9685486926866237,61.857142857142854,63.857142857142854,64.28571428571429,24.25,25.88095238095238,1.4817483697620717,0.8555657773689053,24.428571428571427,25.571428571428573,26.571428571428573,23.428571428571427,25.46428571428572,2.4102953780653773,0.8807854137447403,24.714285714285715,26.0,24.0,81.75,83.66666666666667,2.6221842689129837,1.0193511667615254,79.42857142857143,80.14285714285714,89.71428571428571,0.06893723735955135,-0.000234082397003732,0.0023468669326449643,0.016652088914451947,-0.022425629290617977,0.010755175205273693,-0.014219234746638998,0.014905509715198217,0.00467532467532461,0.005747126436781658,0.021145079826622837,8,35,1,0,-0.0015735641227380137,0
2023-09-04,61.42857142857143,2816696.714285714,28.142857142857142,1318992.0,23.285714285714285,1159714.2857142857,86.28571428571429,3814713.285714286,3.807,90.42,120.759,62.0,62.714285714285715,1.3041013273931108,0.979498861047836,60.857142857142854,61.857142857142854,65.57142857142857,25.07142857142857,26.011904761904763,2.494892742367577,1.0819221967963386,22.142857142857142,24.428571428571427,24.857142857142858,24.107142857142854,25.05952380952381,1.5752118959067813,0.9292161520190023,22.428571428571427,24.714285714285715,20.571428571428573,82.78571428571429,84.04761904761905,3.50024294589257,1.026628895184136,85.28571428571429,79.42857142857143,82.14285714285714,-0.004316526261828241,0.058534301100444885,0.04568058286110799,0.03416293364441316,-0.000234082397003732,-0.022425629290617977,-0.0015735641227380137,-0.005485893416927845,-0.014219234746638998,0.00467532467532461,0.014092100412408604,9,36,0,0,0.003940110323089163,1
2023-09-11,62.285714285714285,3030009.8571428573,26.285714285714285,1357442.5714285714,26.285714285714285,1287515.7142857143,76.85714285714286,3061842.5714285714,3.822,91.97,121.3386,61.607142857142854,63.23809523809524,0.6102859818081194,0.9849397590361445,61.42857142857143,60.857142857142854,63.857142857142854,25.25,26.0952380952381,2.5671260301009395,1.0072992700729926,28.142857142857142,22.142857142857142,25.571428571428573,24.178571428571427,24.988095238095237,1.6918170403322594,1.0519294902334444,23.285714285714285,22.428571428571427,26.0,81.96428571428572,83.45238095238095,4.554096608369874,0.9209700427960058,86.28571428571429,85.28571428571429,80.14285714285714,0.008715359465353179,0.017142225171422165,0.05228832951945073,0.03425584269205791,0.058534301100444885,-0.000234082397003732,0.003940110323089163,-0.0072727272727273196,-0.0015735641227380137,-0.014219234746638998,0.010544462720439629,9,37,0,0,0.0146520146520146,1
2023-09-18,61.0,2744467.4285714286,26.428571428571427,1172107.2857142857,25.857142857142858,1305781.857142857,83.57142857142857,3406240.4285714286,3.878,95.95,121.1938,61.39285714285714,63.17857142857142,0.6428571428568961,0.9655172413793104,62.285714285714285,61.42857142857143,61.857142857142854,25.75,25.916666666666668,2.5485089678444766,1.0197519522278364,26.285714285714285,28.142857142857142,24.428571428571427,24.464285714285715,25.047619047619047,1.8965597210500893,1.032319391634981,26.285714285714285,23.285714285714285,24.714285714285715,83.0,83.15476190476191,4.24584630955388,1.0050107372942017,76.85714285714286,86.28571428571429,79.42857142857143,-0.005649830634082392,0.043274980972056065,0.12301029962546828,0.026264312423735232,0.017142225171422165,0.058534301100444885,0.0146520146520146,0.002585315408479838,0.003940110323089163,-0.0015735641227380137,0.006069098567440312,9,38,0,0,-0.010572460030943809,0
2023-09-25,64.0,2647426.0,26.0,1188800.857142857,25.285714285714285,1169219.5714285714,83.14285714285714,3584974.8571428573,3.837,94.01,122.1143,62.17857142857143,63.36904761904762,1.3267268300717636,1.009956791283111,61.0,62.285714285714285,60.857142857142854,26.714285714285715,26.0,0.9689042833036364,1.0,26.428571428571427,26.285714285714285,22.142857142857142,25.178571428571427,24.89285714285714,1.3267268300716446,1.0157819225251077,25.857142857142858,26.285714285714285,22.428571428571427,82.46428571428572,83.23809523809524,3.9887170801620933,0.9988558352402745,83.57142857142857,76.85714285714286,85.28571428571429,-0.006148637262123335,-0.020218863991662284,0.1005619292905644,0.034470339992017804,0.043274980972056065,0.017142225171422165,-0.010572460030943809,0.006294256490952055,0.0146520146520146,0.003940110323089163,0.014950692138585575,9,39,0,0,-0.010164190774042292,0
2023-10-02,65.71428571428571,3113935.1428571427,25.285714285714285,1324962.5714285714,23.142857142857142,1115538.0,80.0,3169614.1428571427,3.798,91.21,123.0545,63.25,63.1547619047619,2.0516295166206087,1.0405278039585297,64.0,61.0,61.42857142857143,26.0,25.857142857142858,0.5084322977158229,0.9779005524861878,26.0,26.428571428571427,28.142857142857142,25.14285714285714,24.761904761904763,1.3948398586546855,0.9346153846153845,25.285714285714285,25.857142857142858,23.285714285714285,80.89285714285714,82.71428571428571,3.126309249547808,0.9671848013816926,83.14285714285714,83.57142857142857,86.28571428571429,0.01994286438955134,-0.02978406552494428,0.008737005087369853,0.033839614816818055,-0.020218863991662284,0.043274980972056065,-0.010164190774042292,-0.0023640661938534313,-0.010572460030943809,0.0146520146520146,0.01900893515183144,10,40,0,0,-0.03001579778830965,0
2023-10-09,64.28571428571429,2933079.285714286,25.0,1257187.4285714286,25.0,1189928.4285714286,81.71428571428571,3361914.0,3.684,91.37,123.3563,63.75,63.226190476190474,1.9807749462658775,1.0167576727546603,65.71428571428571,64.0,62.285714285714285,25.678571428571427,25.5,0.6533534635244271,0.9803921568627451,25.285714285714285,26.0,26.285714285714285,24.82142857142857,24.583333333333332,1.1744154719176763,1.0169491525423728,23.142857142857142,25.285714285714285,26.285714285714285,82.10714285714285,82.39285714285714,1.6136113214145564,0.9917641959254443,80.0,83.14285714285714,76.85714285714286,-0.00146579452130563,0.0017541936191207697,-0.006523866478199358,0.03248337848899625,-0.02978406552494428,-0.020218863991662284,-0.03001579778830965,-0.03610675039246469,-0.010164190774042292,-0.010572460030943809,0.016628673810312744,10,41,0,0,-0.02931596091205213,0
2023-10-16,63.714285714285715,3001851.1428571427,27.571428571428573,1311782.0,27.0,1328665.142857143,78.28571428571429,3484808.4285714286,3.576,90.99,123.3185,64.42857142857143,63.238095238095234,0.8883218145795719,1.0075301204819278,64.28571428571429,65.71428571428571,61.0,25.96428571428571,25.69047619047619,1.1510125681211463,1.0732159406858204,25.0,25.285714285714285,26.428571428571427,25.107142857142854,24.46428571428571,1.5795245991066376,1.1036496350364964,25.0,23.142857142857142,25.857142857142858,80.78571428571428,82.21428571428571,2.104417123236286,0.9522154648132061,81.71428571428571,80.0,83.57142857142857,-0.03415279025436266,-0.004158914304476458,-0.051693590411672874,0.014487078539513169,0.0017541936191207697,-0.02978406552494428,-0.02931596091205213,-0.07787519339865911,-0.03001579778830965,-0.010164190774042292,0.017531424874869916,10,42,0,0,-0.012024608501118639,0
2023-10-23,57.42857142857143,2553087.4285714286,26.857142857142858,1344912.0,25.714285714285715,1300714.2857142857,83.0,3765499.5714285714,3.533,91.88,123.2846,62.785714285714285,62.666666666666664,3.669139549541988,0.9164133738601824,63.714285714285715,64.28571428571429,64.0,26.17857142857143,25.71428571428571,1.2364916354856175,1.0444444444444445,27.571428571428573,25.0,26.0,25.214285714285715,24.607142857142858,1.609918238511874,1.0449927431059507,27.0,25.0,25.285714285714285,80.75,81.65476190476191,2.0516295166203973,1.0164747047674587,78.28571428571429,81.71428571428571,83.14285714285714,-0.0055813165445090795,0.009781294647763561,-0.02265716413147545,0.017103743528777776,-0.004158914304476458,0.0017541936191207697,-0.012024608501118639,-0.07922856398227784,-0.02931596091205213,-0.03001579778830965,0.009583644175989114,10,43,0,0,-0.01698273422020946,0
2023-10-30,59.285714285714285,2750292.8571428573,26.857142857142858,1335540.142857143,22.857142857142858,1090083.7142857143,84.42857142857143,3264691.1428571427,3.473,90.73,123.4076,61.17857142857143,62.14285714285714,3.3530877231160106,0.9540229885057472,57.42857142857143,63.714285714285715,65.71428571428571,26.571428571428573,25.88095238095238,1.1004019055515766,1.0377184912603497,26.857142857142858,27.571428571428573,25.285714285714285,25.142857142857146,24.797619047619047,1.734013472002955,0.9217474795967355,25.714285714285715,27.0,23.142857142857142,81.85714285714286,81.8452380952381,2.6263966158354752,1.0315636363636362,83.0,78.28571428571429,80.0,0.01373685106838285,-0.012516325642141779,-0.005262580857361976,0.009418096661561317,0.009781294647763561,-0.004158914304476458,-0.01698273422020946,-0.08557135334386523,-0.012024608501118639,-0.02931596091205213,0.0028694602797947333,10,44,0,0,-0.022171033688453745,0
2023-11-06,53.285714285714285,2465084.4285714286,22.285714285714285,1109257.0,25.571428571428573,1115271.4285714286,86.57142857142857,3573248.4285714286,3.396,87.31,121.6484,58.42857142857143,61.26190476190476,4.325214791567843,0.8698017877963466,59.285714285714285,57.42857142857143,64.28571428571429,25.892857142857142,25.607142857142858,2.4282212632710003,0.8702928870292886,26.857142857142858,26.857142857142858,25.0,25.28571428571429,24.761904761904763,1.7418420150637846,1.0326923076923078,22.857142857142858,25.714285714285715,25.0,83.07142857142857,82.38095238095238,3.5118845842840236,1.0508670520231214,84.42857142857143,83.0,81.71428571428571,0.04408649136473389,-0.03769425768764467,-0.044434715989931095,0.019945415529972022,-0.012516325642141779,0.009781294647763561,-0.022171033688453745,-0.07817589576547235,-0.01698273422020946,-0.012024608501118639,-0.013845259625977824,11,45,0,0,-0.013839811542991631,0
2023-11-13,54.0,2497436.8571428573,27.285714285714285,1311369.2857142857,24.142857142857142,1256534.2857142857,86.71428571428571,3579983.8571428573,3.349,84.09,122.4264,56.0,60.607142857142854,2.8404272937156003,0.8909840895698291,53.285714285714285,59.285714285714285,63.714285714285715,25.821428571428573,25.84523809523809,2.3657850230970388,1.0557346844771995,22.285714285714285,26.857142857142858,27.571428571428573,24.57142857142857,24.71428571428571,1.3451854182688685,0.9768786127167631,25.571428571428573,22.857142857142858,27.0,85.17857142857143,82.98809523809523,1.7895197546769908,1.0449003012480276,86.57142857142857,84.42857142857143,78.28571428571429,0.007875577997045163,-0.036880082464780695,-0.07583250906693029,0.02265056997825554,-0.03769425768764467,-0.012516325642141779,-0.013839811542991631,-0.06347874720357938,-0.022171033688453745,-0.01698273422020946,-0.007234113292004074,11,46,0,0,-0.0179157957599283,0
2023-11-20,52.142857142857146,2243469.1428571427,24.285714285714285,1026710.0,24.428571428571427,1311818.857142857,84.85714285714286,3450205.285714286,3.289,83.25,120.2533,54.67857142857143,59.88095238095238,3.16523419086068,0.8707753479125249,54.0,53.285714285714285,57.42857142857143,25.178571428571427,26.023809523809522,2.3397627648798975,0.9332113449222325,27.285714285714285,22.285714285714285,26.857142857142858,24.25,24.88095238095238,1.1149875689490827,0.9818181818181818,24.142857142857142,25.571428571428573,25.714285714285715,85.64285714285714,82.95238095238095,1.1693361102667252,1.0229621125143513,86.71428571428571,86.57142857142857,83.0,0.04780825320817739,-0.009989297181591139,-0.09392686112320414,0.015069972441147342,-0.036880082464780695,-0.03769425768764467,-0.0179157957599283,-0.069063119162185,-0.013839811542991631,-0.022171033688453745,-0.024587823621117333,11,47,0,0,-0.015506232897537275,0
2023-11-27,51.285714285714285,2281088.1428571427,28.142857142857142,1365049.857142857,26.0,1130394.5714285714,85.42857142857143,3865715.4285714286,3.238,79.49,120.173,52.67857142857143,59.035714285714285,1.2030290568249198,0.8687235329703569,52.142857142857146,54.0,59.285714285714285,25.5,26.023809523809522,2.706756474499498,1.081427264409881,24.285714285714285,27.285714285714285,26.857142857142858,25.035714285714285,25.107142857142858,0.8911889177240453,1.0355618776671407,24.428571428571427,24.142857142857142,22.857142857142858,85.89285714285714,82.88095238095238,0.8987898137217014,1.030738293593795,84.85714285714286,86.71428571428571,84.42857142857143,-0.004112742160293392,-0.04516516516516522,-0.12388405158161586,0.015419524401901207,-0.009989297181591139,-0.036880082464780695,-0.015506232897537275,-0.06766484307515108,-0.0179157957599283,-0.013839811542991631,-0.02621070339265974,11,48,0,0,-0.0021618282890674134,0
2023-12-04,50.714285714285715,2794873.8571428573,28.714285714285715,1265435.857142857,24.857142857142858,1186991.857142857,80.42857142857143,3349136.714285714,3.231,78.16,120.4727,52.035714285714285,58.07142857142858,1.4351041110401341,0.8733087330873308,51.285714285714285,52.142857142857146,53.285714285714285,27.107142857142858,26.226190476190478,1.9704448891619728,1.0948706309577847,28.142857142857142,24.285714285714285,22.285714285714285,24.857142857142858,24.988095238095237,0.8164965809273257,0.9947594092424965,26.0,24.428571428571427,25.571428571428573,84.35714285714286,83.17857142857143,2.731773239859397,0.9669386002576214,85.42857142857143,84.85714285714286,86.57142857142857,0.01753065661369166,-0.016731664360296827,-0.10479899209712529,0.016555414150167435,-0.04516516516516522,-0.009989297181591139,-0.0021618282890674134,-0.048586572438162556,-0.015506232897537275,-0.0179157957599283,-0.009664738705975506,12,49,0,1,-0.029402661714639344,0
2023-12-11,58.57142857142857,2675135.4285714286,27.571428571428573,1437953.4285714286,26.142857142857142,1034480.2857142857,84.57142857142857,3594194.1428571427,3.136,75.75,120.9279,53.17857142857143,57.86904761904762,3.642857142857192,1.0121374202838922,50.714285714285715,51.285714285714285,54.0,27.178571428571427,26.321428571428573,1.9842063476191238,1.0474898236092265,28.714285714285715,28.142857142857142,27.285714285714285,25.357142857142858,25.011904761904763,0.8451542547280921,1.0452165635411708,24.857142857142858,26.0,24.142857142857142,83.82142857142857,83.26190476190476,2.2898028908423367,1.0157277666571347,80.42857142857143,85.42857142857143,86.71428571428571,-0.03014289352285604,-0.030834186284544485,-0.09917945058865507,0.01562592038250859,-0.016731664360296827,-0.04516516516516522,-0.029402661714639344,-0.06360107494774558,-0.0021618282890674134,-0.015506232897537275,-0.012240007057301439,12,50,0,1,-0.026466836734693966,0
2023-12-18,52.57142857142857,2714980.0,27.571428571428573,1262935.857142857,27.428571428571427,1180019.7142857143,88.0,3891510.0,3.053,78.89,119.9102,53.285714285714285,56.916666666666664,3.6083802686615023,0.9236561388830788,58.57142857142857,50.714285714285715,52.142857142857146,28.0,26.452380952380953,0.5471012044322326,1.0423042304230423,27.571428571428573,28.714285714285715,24.285714285714285,26.107142857142858,25.190476190476193,1.0522085616179162,1.0888468809073721,26.142857142857142,24.857142857142858,24.428571428571427,84.60714285714286,83.66666666666667,3.143668726380498,1.051792828685259,84.57142857142857,80.42857142857143,84.85714285714286,-0.026650019724688057,0.04145214521452156,-0.052372372372372356,0.037997752043118525,-0.030834186284544485,-0.016731664360296827,-0.026466836734693966,-0.07175433262389785,-0.029402661714639344,-0.0021618282890674134,-0.0028531441548796943,12,51,0,1,0.02063544055027844,1
2023-12-25,57.142857142857146,2517360.1428571427,21.714285714285715,1165552.5714285714,22.285714285714285,1156609.7142857143,82.28571428571429,3437696.1428571427,3.116,80.23,119.0625,54.75,56.202380952380956,3.7131408491985076,1.0167337428510907,52.57142857142857,58.57142857142857,51.285714285714285,26.392857142857146,26.1547619047619,3.1652341908606463,0.8302230314064635,27.571428571428573,27.571428571428573,28.142857142857142,25.178571428571427,25.11904761904762,2.195775164134042,0.8872037914691943,27.428571428571427,26.142857142857142,26.0,83.82142857142857,83.85714285714286,3.26051412831638,0.9812606473594548,88.0,84.57142857142857,85.42857142857143,0.07114469672844917,0.016985676258080895,0.009309347087684161,0.032700352900775824,0.04145214521452156,-0.030834186284544485,0.02063544055027844,-0.037677578752316254,-0.026466836734693966,-0.029402661714639344,-0.009240844449252328,12,52,0,1,-0.008664955070603386,0
2024-01-01,55.57142857142857,2840952.0,20.428571428571427,923302.8571428572,20.285714285714285,1025761.0,84.85714285714286,3729518.4285714286,3.089,77.69,118.4208,55.964285714285715,55.476190476190474,2.5724204436241784,1.0017167381974248,57.142857142857146,52.57142857142857,50.714285714285715,24.321428571428573,25.773809523809522,3.789306471825028,0.7926096997690532,21.714285714285715,27.571428571428573,28.714285714285715,24.035714285714285,24.726190476190478,3.320468371191193,0.8204140587385651,22.285714285714285,27.428571428571427,24.857142857142858,84.92857142857143,84.11904761904762,2.34883094383554,1.0087744126804417,82.28571428571429,88.0,80.42857142857143,0.09412127265362882,-0.03165898043126025,-0.006013306038894606,0.036312165869244885,0.016985676258080895,0.04145214521452156,-0.008664955070603386,-0.04394924172082948,0.02063544055027844,-0.026466836734693966,-0.017032074486584947,1,1,0,1,-0.005179669796050557,0
2024-01-08,53.714285714285715,2495039.4285714286,17.571428571428573,981163.0,18.714285714285715,908650.8571428572,85.28571428571429,3469426.714285714,3.073,75.47,119.2506,54.75,54.642857142857146,2.018199507407756,0.9830065359477124,55.57142857142857,57.142857142857146,58.57142857142857,21.821428571428573,24.94047619047619,4.206206945782435,0.7045346062052507,20.428571428571427,21.714285714285715,27.571428571428573,22.178571428571427,24.03571428571429,3.792895255839319,0.7786032689450223,20.285714285714285,22.285714285714285,26.142857142857142,85.10714285714286,84.70238095238095,2.3397627648795116,1.0068868587491218,84.85714285714286,82.28571428571429,84.57142857142857,0.13174218253822323,-0.028575106191273014,-0.0036963696369637367,0.03570627692015964,-0.03165898043126025,0.016985676258080895,-0.005179669796050557,-0.02008928571428581,-0.008664955070603386,0.02063544055027844,-0.013870248304981625,1,2,0,1,-0.004881223560039061,0
2024-01-15,57.142857142857146,2836014.285714286,12.571428571428571,663310.2857142857,15.285714285714286,785452.7142857143,84.42857142857143,3863561.1428571427,3.058,79.76,119.534,55.892857142857146,54.61904761904762,1.6303874586447968,1.046207497820401,53.714285714285715,55.57142857142857,52.57142857142857,18.071428571428573,23.75,4.054895420445322,0.5293233082706766,17.571428571428573,20.428571428571427,27.571428571428573,19.142857142857142,23.166666666666668,2.957752410146601,0.6598150051387461,18.714285714285715,20.285714285714285,27.428571428571427,84.21428571428572,84.82142857142857,1.3324827218692012,0.9953684210526317,85.28571428571429,84.85714285714286,88.0,0.19232144192938613,0.05684377898502735,0.011028013689948102,0.042001379465640226,-0.028575106191273014,-0.03165898043126025,-0.004881223560039061,0.001637733377006123,-0.005179669796050557,-0.008664955070603386,-0.0031373477819234274,1,3,0,1,0.001308044473512071,1
2024-01-22,53.857142857142854,2523886.4285714286,14.0,772128.8571428572,16.428571428571427,840352.7142857143,82.28571428571429,3444308.714285714,3.062,81.7,120.6178,55.07142857142857,54.166666666666664,1.6183471874254345,0.9942857142857143,57.142857142857146,53.714285714285715,57.142857142857146,16.142857142857142,22.678571428571427,3.547539148988439,0.6173228346456693,12.571428571428571,17.571428571428573,21.714285714285715,17.67857142857143,22.63095238095238,2.2478258581206236,0.725933719095213,15.285714285714286,18.714285714285715,22.285714285714285,84.21428571428572,84.64285714285715,1.3324827218692012,0.9721518987341772,84.42857142857143,85.28571428571429,82.28571428571429,0.17257645830980656,0.024322968906720144,0.018322323320453693,0.042942231290314,0.05684377898502735,-0.028575106191273014,0.001308044473512071,-0.017329910141206772,-0.004881223560039061,-0.005179669796050557,0.013062887139107637,1,4,0,1,0.010777269758327934,1
2024-01-29,53.142857142857146,2551853.4285714286,11.571428571428571,700066.4285714285,13.142857142857142,541180.2857142857,81.28571428571429,3329480.4285714286,3.095,83.99,120.8538,54.464285714285715,54.154761904761905,1.8121847602941663,0.9813145746317873,53.857142857142854,57.142857142857146,55.57142857142857,13.928571428571427,21.78571428571429,2.6251012290167512,0.5311475409836065,14.0,12.571428571428571,20.428571428571427,15.892857142857142,21.5952380952381,2.3222526010013924,0.6085997794928334,16.428571428571427,15.285714285714286,20.285714285714285,83.32142857142857,84.20238095238095,1.853017395867117,0.965361232857345,82.28571428571429,84.42857142857143,84.85714285714286,0.22839421800860696,0.02802937576499387,0.0810915175698288,0.035590576988213475,0.024322968906720144,0.05684377898502735,0.010777269758327934,0.0019423761735191114,0.001308044473512071,-0.004881223560039061,0.02054537716347138,1,5,0,1,0.013247172859450762,1
2024-02-05,51.42857142857143,2555925.5714285714,11.0,550785.2857142857,12.571428571428571,607017.0,82.57142857142857,3218900.0,3.136,79.3,121.349,53.892857142857146,53.9404761904762,2.394366972140907,0.9534319134848819,53.142857142857146,53.857142857142854,53.714285714285715,12.285714285714285,20.428571428571427,1.3144927373184059,0.5384615384615385,11.571428571428571,14.0,17.571428571428573,14.357142857142858,20.630952380952383,1.8088971345928466,0.6093479515291401,13.142857142857142,16.428571428571427,18.714285714285715,82.64285714285714,83.85714285714286,1.3119026013285457,0.9846678023850084,81.28571428571429,82.28571428571429,85.28571428571429,0.22852269853485777,-0.05583998095011311,0.05074864184444139,0.04835580596952702,0.02802937576499387,0.024322968906720144,0.013247172859450762,0.0205011389521641,0.010777269758327934,0.001308044473512071,0.01759655716616937,2,6,0,1,0.017857142857142794,1
2024-02-12,57.285714285714285,2627433.0,9.285714285714286,542606.5714285715,12.714285714285714,534456.5714285715,85.71428571428571,3869001.285714286,3.192,83.88,120.9378,53.92857142857143,54.36904761904762,2.459190730223937,1.0536457192905626,51.42857142857143,53.142857142857146,57.142857142857146,11.464285714285715,19.17857142857143,1.9496205805652371,0.48417132216014896,11.0,11.571428571428571,12.571428571428571,13.714285714285712,19.6547619047619,1.8257418583507956,0.6468806783767415,12.571428571428571,13.142857142857142,15.285714285714286,82.96428571428571,83.92857142857143,1.9144100883543653,1.0212765957446808,82.57142857142857,81.28571428571429,84.42857142857143,0.19850642110696656,0.057755359394703554,0.05165496489468402,0.048630550378940186,-0.05583998095011311,0.02802937576499387,0.017857142857142794,0.04381948986265538,0.013247172859450762,0.010777269758327934,0.011743938962972766,2,7,0,1,0.02412280701754388,1
2024-02-19,57.142857142857146,2747825.285714286,12.142857142857142,712640.8571428572,14.571428571428571,866861.4285714285,77.71428571428571,3139301.1428571427,3.269,85.52,121.1505,54.75000000000001,54.85714285714286,2.930893388443526,1.0416666666666667,57.285714285714285,51.42857142857143,53.857142857142854,11.0,17.845238095238095,1.2344267996968472,0.6804536357571714,9.285714285714286,11.0,14.0,13.25,18.702380952380953,0.913801955352685,0.7791215786123488,12.714285714285714,12.571428571428571,16.428571428571427,81.82142857142857,83.28571428571429,3.3102089047665553,0.9331046312178386,85.71428571428571,82.57142857142857,82.28571428571429,0.14141337193649361,0.01955174058178355,0.04675642594859242,0.04833641045738709,0.057755359394703554,-0.05583998095011311,0.02412280701754388,0.06760287393860231,0.017857142857142794,0.013247172859450762,0.004416429415890377,2,8,0,1,-0.00611807892321814,0
2024-02-26,53.857142857142854,2929811.285714286,14.428571428571429,871691.0,13.0,686329.5714285715,83.85714285714286,3157368.5714285714,3.249,84.01,121.0592,54.92857142857143,55.11904761904762,2.819996622760592,0.9771058315334772,57.142857142857146,57.285714285714285,53.142857142857146,11.714285714285715,16.654761904761905,2.157095552934561,0.8663330950679057,12.142857142857142,9.285714285714286,11.571428571428571,13.214285714285715,17.71428571428571,0.9221388919546638,0.7338709677419356,14.571428571428571,12.714285714285714,13.142857142857142,82.46428571428572,83.57142857142857,3.419382527700986,1.0034188034188034,77.71428571428571,85.71428571428571,81.28571428571429,0.10481782555946953,-0.017656688493919437,0.00023812358614128115,0.0487995367958153,0.01955174058178355,0.057755359394703554,-0.00611807892321814,0.04975767366720518,0.02412280701754388,0.017857142857142794,0.0016995741962602118,2,9,0,1,0.031086488150199987,1
2024-03-04,54.142857142857146,2395203.285714286,12.714285714285714,671392.8571428572,12.428571428571429,682001.8571428572,80.14285714285714,3499495.8571428573,3.35,86.58,120.872,55.60714285714286,54.75,1.8603452243445608,0.9889106327462492,53.857142857142854,57.142857142857146,51.42857142857143,12.142857142857144,15.416666666666666,2.1380899352994542,0.8247104247104247,14.428571428571429,12.142857142857142,11.0,13.178571428571427,16.57142857142857,0.9574271077568385,0.7500000000000001,13.0,14.571428571428571,12.571428571428571,81.85714285714286,83.20238095238095,3.6046077843379978,0.9632279296036629,83.85714285714286,77.71428571428571,82.57142857142857,0.11828775323491578,0.030591596238543017,0.09180327868852456,0.031249808096465985,-0.017656688493919437,0.01955174058178355,0.031086488150199987,0.06823979591836737,-0.00611807892321814,0.02412280701754388,-0.00393081113152971,3,10,0,0,0.00776119402985076,1
2024-03-11,58.0,2925713.714285714,12.0,587282.7142857143,15.0,682328.1428571428,79.85714285714286,3599323.8571428573,3.376,83.44,120.0394,55.78571428571429,55.202380952380956,2.0946968998021913,1.0506793185249084,54.142857142857146,53.857142857142854,57.285714285714285,12.821428571428571,14.11904761904762,1.11498756894945,0.8499156829679595,12.714285714285714,14.428571428571429,9.285714285714286,13.75,15.535714285714285,1.2309777099727912,0.9655172413793104,12.428571428571429,13.0,12.714285714285714,80.39285714285714,82.52380952380953,2.551176865950137,0.9676860934795153,80.14285714285714,83.85714285714286,85.71428571428571,0.041550415912076616,-0.03626703626703631,-0.005245588936576007,0.03131346917392921,0.030591596238543017,-0.017656688493919437,0.00776119402985076,0.05764411027568905,0.031086488150199987,-0.00611807892321814,-0.007428612063391182,3,11,0,0,0.022808056872037907,1
2024-03-18,64.42857142857143,3140833.4285714286,11.714285714285714,704580.2857142857,14.428571428571429,608290.2857142857,84.28571428571429,3497425.1428571427,3.453,86.47,120.5752,57.607142857142854,55.80952380952382,4.9244289008980395,1.1544368600682593,58.0,54.142857142857146,57.142857142857146,12.714285714285715,13.285714285714286,1.2177820811948064,0.8817204301075268,12.0,12.714285714285714,12.142857142857142,13.714285714285714,14.880952380952381,1.2009066869449858,0.9696,15.0,12.428571428571429,14.571428571428571,82.03571428571429,82.69047619047619,2.360027095428138,1.0192916786639794,79.85714285714286,80.14285714285714,77.71428571428571,-0.006262242209941371,0.036313518696069025,0.011108512628625,0.035774501375362665,-0.03626703626703631,0.030591596238543017,0.022808056872037907,0.05628632609360662,0.00776119402985076,0.031086488150199987,-0.004748639089397044,3,12,0,0,0.020272227048943048,1
2024-03-25,59.142857142857146,2902103.8571428573,11.857142857142858,698391.0,13.571428571428571,624074.5714285715,81.57142857142857,3681627.5714285714,3.523,86.18,121.0295,58.92857142857142,56.10714285714286,4.245045130886715,1.0541056651814131,64.42857142857143,58.0,53.857142857142854,12.071428571428571,12.57142857142857,0.44416090729023133,0.9431818181818183,11.714285714285714,12.0,14.428571428571429,13.857142857142858,14.32142857142857,1.1187942975690264,0.947630922693267,14.428571428571429,15.0,13.0,81.46428571428572,82.41666666666667,2.024929662001364,0.9897443304925609,84.28571428571429,79.85714285714286,83.85714285714286,0.01633431586273515,-0.0033537643113217275,0.02583025830258312,0.033640028748944895,0.036313518696069025,-0.03626703626703631,0.020272227048943048,0.0843336411203448,0.022808056872037907,0.00776119402985076,-0.0002453345140229768,3,13,0,0,-0.0017030939540165768,0
2024-04-01,58.142857142857146,2907665.714285714,14.285714285714286,657622.0,13.285714285714286,607132.4285714285,86.0,3416026.1428571427,3.517,86.17,121.5151,59.92857142857143,56.476190476190474,3.0427788945896372,1.0295109612141653,59.142857142857146,64.42857142857143,54.142857142857146,12.464285714285714,12.29761904761905,1.2198750911857683,1.1616650532429815,11.857142857142858,11.714285714285714,12.714285714285714,14.071428571428571,13.86904761904762,0.7867957924699717,0.9579399141630901,13.571428571428571,14.428571428571429,12.428571428571429,82.92857142857143,82.47619047619048,2.7417160324730045,1.0427251732101617,81.57142857142857,84.28571428571429,80.14285714285714,-0.04796027545759965,-0.00011603620329547759,-0.004735504735504659,0.029677718816545986,-0.0033537643113217275,0.036313518696069025,-0.0017030939540165768,0.0498507462686566,0.020272227048943048,0.022808056872037907,0.005320504335164511,4,14,0,0,0.021040659653113636,1
2024-04-08,62.857142857142854,3043621.8571428573,9.714285714285714,469203.0,14.285714285714286,612169.1428571428,78.71428571428571,3453721.4285714286,3.591,91.73,120.7359,61.14285714285714,56.952380952380956,2.9852243845060924,1.1036789297658862,58.142857142857146,59.142857142857146,58.0,11.892857142857142,12.05952380952381,1.8712831641075514,0.8055281342546889,14.285714285714286,11.857142857142858,12.0,13.892857142857144,13.785714285714285,0.5517442964891806,1.0362694300518136,13.285714285714286,13.571428571428571,15.0,82.64285714285714,82.0,3.191186843383856,0.9599303135888501,86.0,81.57142857142857,79.85714285714286,0.023648298084690295,0.06452361610769408,0.09935282837967407,0.03226520534836072,-0.00011603620329547759,-0.0033537643113217275,0.021040659653113636,0.06368483412322279,-0.0017030939540165768,0.020272227048943048,0.005802261590777791,4,15,0,0,0.010303536619326037,1
2024-04-15,63.0,3063350.5714285714,13.857142857142858,584071.4285714285,14.428571428571429,637633.1428571428,85.14285714285714,3903356.8571428573,3.628,90.84,122.425,60.785714285714285,57.714285714285715,2.508488988774357,1.0915841584158417,62.857142857142854,58.142857142857146,64.42857142857143,12.42857142857143,12.047619047619046,2.096320066957692,1.1501976284584983,9.714285714285714,14.285714285714286,11.714285714285714,13.892857142857144,13.619047619047619,0.5517442964891806,1.0594405594405596,14.285714285714286,13.285714285714286,14.428571428571429,82.85714285714286,82.23809523809524,3.362457798839715,1.0353213665315575,78.71428571428571,86.0,84.28571428571429,-0.08413592821161425,-0.00970238744140417,0.050537758760263785,0.03468646356447276,0.06452361610769408,-0.00011603620329547759,0.010303536619326037,0.0506805676223574,0.021040659653113636,-0.0017030939540165768,0.015341463252808163,4,16,0,0,0.011025358324145529,1
2024-04-22,60.285714285714285,2769956.5714285714,11.142857142857142,685695.4285714285,14.857142857142858,687948.7142857143,78.71428571428571,3128393.1428571427,3.668,87.3,123.0609,61.07142857142857,58.30952380952382,2.3167535343180012,1.0338913842384645,63.0,62.857142857142854,59.142857142857146,12.25,12.011904761904765,2.1895702060164877,0.9276511397423188,13.857142857142858,9.714285714285714,11.857142857142858,14.214285714285714,13.761904761904761,0.6649638116086539,1.0795847750865053,14.428571428571429,14.285714285714286,13.571428571428571,82.14285714285714,82.02380952380952,3.9744079266408296,0.9596516690856314,85.14285714285714,78.71428571428571,81.57142857142857,-0.00019474203823000025,-0.03896961690885081,0.012996054769087939,0.04364315822514164,-0.00970238744140417,0.06452361610769408,0.011025358324145529,0.0411581038887312,0.010303536619326037,0.021040659653113636,0.01678433770279142,4,17,0,0,-0.004089422028353384,0
2024-04-29,56.57142857142857,2809985.0,11.857142857142858,616221.0,12.857142857142858,626860.5714285715,80.14285714285714,3208514.4285714286,3.653,88.44,122.5449,60.67857142857142,58.73809523809524,3.0087740175086046,0.9631130928252938,60.285714285714285,63.0,58.142857142857146,11.642857142857142,12.083333333333334,1.7241778085935693,0.9812807881773399,11.142857142857142,13.857142857142858,14.285714285714286,14.107142857142858,13.785714285714285,0.8679869587413416,0.9326424870466322,14.857142857142858,14.428571428571429,13.285714285714286,80.67857142857142,81.82142857142857,3.0514299090417563,0.9794849410737669,78.71428571428571,85.14285714285714,86.0,0.035869672719241796,0.013058419243986208,0.026343274921666326,0.04373266986180422,-0.03896961690885081,-0.00970238744140417,-0.004089422028353384,0.038669320443559974,0.011025358324145529,0.010303536619326037,0.008474666934397357,4,18,0,0,-0.0027374760470846304,0
2024-05-06,61.857142857142854,2975984.4285714286,13.714285714285714,622389.1428571428,12.428571428571429,567937.0,84.85714285714286,3603811.714285714,3.643,83.6,121.8913,60.42857142857143,59.11904761904761,2.801845844448611,1.0463149416028998,56.57142857142857,60.285714285714285,62.857142857142854,12.642857142857142,12.45238095238095,1.3527497820326417,1.101338432122371,11.857142857142858,11.142857142857142,9.714285714285714,13.642857142857142,13.761904761904765,1.1809139778705926,0.9031141868512109,12.857142857142858,14.857142857142858,14.285714285714286,82.21428571428571,81.75,3.27118942773227,1.0380078636959371,80.14285714285714,78.71428571428571,78.71428571428571,-0.0221938560681047,-0.054726368159204064,-0.08862967404338828,0.030210032881656114,0.013058419243986208,-0.03896961690885081,-0.0027374760470846304,0.014480646059593427,-0.004089422028353384,0.011025358324145529,0.009569647470222264,5,19,1,0,-0.009607466373867557,0
2024-05-13,62.142857142857146,3098157.5714285714,11.428571428571429,649393.8571428572,18.428571428571427,752272.8571428572,82.85714285714286,3503460.714285714,3.608,83.18,122.0261,60.214285714285715,59.535714285714285,2.5621525813931707,1.0437912417516497,61.857142857142854,56.57142857142857,63.0,12.035714285714285,12.392857142857144,1.1569076774530944,0.9221902017291066,13.714285714285714,11.857142857142858,13.857142857142858,14.642857142857142,14.083333333333334,2.736749151524138,1.3085376162299238,12.428571428571429,12.857142857142858,14.428571428571429,81.64285714285714,82.17857142857143,2.7466739316987425,1.0082572794437201,84.85714285714286,80.14285714285714,85.14285714285714,-0.07069408478860006,-0.005023923444975931,-0.08432408630559218,0.0309563986272326,-0.054726368159204064,0.013058419243986208,-0.009607466373867557,-0.005512679162072764,-0.0027374760470846304,-0.004089422028353384,-0.003258321421278354,5,20,1,0,-0.006651884700665245,0
2024-05-20,61.42857142857143,2609882.5714285714,13.285714285714286,721037.1428571428,15.571428571428571,783657.5714285715,86.57142857142857,3248695.8571428573,3.584,81.91,121.2289,60.5,60.166666666666664,2.6354464956230905,1.0209734863474476,62.142857142857146,61.857142857142854,60.285714285714285,12.571428571428571,12.29761904761905,1.100401905551668,1.080348499515973,11.428571428571429,13.714285714285714,11.142857142857142,14.821428571428571,14.29761904761905,2.778378619825375,1.0890924229808492,18.428571428571427,12.428571428571429,14.857142857142858,83.60714285714286,82.4047619047619,2.7636488745930023,1.0505634209765964,82.85714285714286,84.85714285714286,78.71428571428571,-0.060244457455216505,-0.015268093291656792,-0.06174112256586484,0.028659453522921916,-0.005023923444975931,-0.054726368159204064,-0.006651884700665245,-0.022900763358778664,-0.009607466373867557,-0.0027374760470846304,-0.014886938093253033,5,21,1,0,-0.001953125,0
2024-05-27,65.71428571428571,3095723.4285714286,10.714285714285714,562684.5714285715,15.285714285714286,540254.2857142857,77.14285714285714,3237626.4285714286,3.577,78.92,121.6172,62.785714285714285,61.13095238095238,1.9743249944405328,1.0749756572541382,61.42857142857143,62.142857142857146,56.57142857142857,12.285714285714286,12.13095238095238,1.4427864197660976,0.8832188420019628,13.285714285714286,11.428571428571429,11.857142857142858,15.428571428571427,14.535714285714286,2.4522653694446483,1.0515970515970516,15.571428571428571,18.428571428571427,12.857142857142858,82.85714285714286,82.15476190476191,4.100771455544762,0.9389943486451238,86.57142857142857,82.85714285714286,80.14285714285714,0.012803525125430898,-0.03650347942864118,-0.10764360018091357,0.022185222606019322,-0.015268093291656792,-0.005023923444975931,-0.001953125,-0.020804817957842836,-0.006651884700665245,-0.009607466373867557,-0.007570286482750377,5,22,1,0,-0.01705339670114625,0
2024-06-03,63.57142857142857,3042621.285714286,8.714285714285714,462346.0,13.571428571428571,682207.8571428572,82.57142857142857,3327814.4285714286,3.516,76.45,122.3509,63.21428571428571,61.595238095238095,1.8898223650458907,1.032083494395052,65.71428571428571,61.42857142857143,61.857142857142854,11.035714285714286,11.857142857142856,1.889372353761092,0.7349397590361446,10.714285714285714,13.285714285714286,13.714285714285714,15.714285714285714,14.416666666666666,2.0135594773207144,0.9413707679603633,15.285714285714286,15.571428571428571,12.428571428571429,82.28571428571428,82.38095238095238,3.882631830597811,1.0023121387283236,77.14285714285714,86.57142857142857,84.85714285714286,0.07232345997002909,-0.03129751647237711,-0.08552631578947356,0.014494807212531288,-0.03650347942864118,-0.015268093291656792,-0.01705339670114625,-0.03486137798517697,-0.001953125,-0.006651884700665245,0.0037705726331576095,6,23,1,0,-0.024744027303754357,0
2024-06-10,63.857142857142854,2892960.4285714286,12.142857142857142,769625.2857142857,15.571428571428571,667445.7142857143,83.85714285714286,3356994.0,3.429,79.59,123.9125,63.64285714285714,61.547619047619044,1.7554579610632188,1.03752417794971,63.57142857142857,65.71428571428571,62.142857142857146,11.214285714285714,11.89285714285714,1.9708763891976744,1.021021021021021,8.714285714285714,10.714285714285714,11.428571428571429,15.0,14.511904761904761,0.9618576131777006,1.0730106644790813,13.571428571428571,15.285714285714286,18.428571428571427,82.53571428571428,82.34523809523809,3.963052146127232,1.0183605609368225,82.57142857142857,77.14285714285714,82.85714285714286,-0.03747910609665872,0.041072596468279876,-0.043159413320509765,0.035548957091394,-0.03129751647237711,-0.03650347942864118,-0.024744027303754357,-0.04961197339246126,-0.01705339670114625,-0.001953125,0.015458987872266627,6,24,1,0,0.0017497812773403787,1
2024-06-17,60.285714285714285,2788226.1428571427,11.571428571428571,550032.4285714285,15.428571428571429,682501.2857142857,79.57142857142857,3181903.5714285714,3.435,82.45,124.239,63.35714285714285,61.64285714285714,2.2572634084743304,0.9779837775202781,63.857142857142854,63.57142857142857,61.42857142857143,10.785714285714285,11.869047619047619,1.500566786341873,0.9749247743229689,12.142857142857142,8.714285714285714,13.285714285714286,14.964285714285715,14.666666666666666,0.9358687622400654,1.051948051948052,15.571428571428571,13.571428571428571,15.571428571428571,80.78571428571429,82.17857142857143,3.0203392159806435,0.9682746631899174,83.85714285714286,82.57142857142857,86.57142857142857,0.006717183254695919,0.035934162583239004,0.006592601635941886,0.04190892605855782,0.041072596468279876,-0.03129751647237711,0.0017497812773403787,-0.0415736607142857,-0.024744027303754357,-0.01705339670114625,0.024829887922764415,6,25,1,0,0.0008733624454149158,1
2024-06-24,58.42857142857143,2575720.1428571427,12.857142857142858,600066.0,14.857142857142858,640344.8571428572,82.85714285714286,3321222.0,3.438,86.75,123.7125,61.535714285714285,61.666666666666664,2.629955639676457,0.9474903474903476,60.285714285714285,63.857142857142854,65.71428571428571,11.321428571428571,11.75,1.8159347586351522,1.0942249240121582,11.571428571428571,12.142857142857142,10.714285714285714,14.857142857142856,14.797619047619046,0.9110060223674861,1.0040225261464202,15.428571428571429,15.571428571428571,15.285714285714286,82.21428571428571,81.91666666666666,1.8461211404738993,1.0114808894056098,79.57142857142857,83.85714285714286,77.14285714285714,-0.014304671763633925,0.05215281989084297,0.09921439432336543,0.03778636245786063,0.035934162583239004,0.041072596468279876,0.0008733624454149158,-0.03885937936818562,0.0017497812773403787,-0.024744027303754357,0.017228648579312944,6,26,1,0,0.011925538103548572,1
2024-07-01,59.714285714285715,2639407.714285714,9.428571428571429,517079.85714285716,13.571428571428571,655960.5714285715,78.42857142857143,3182157.5714285714,3.479,86.57,124.4667,60.57142857142857,61.404761904761905,2.324082731792732,0.9724699495928655,58.42857142857143,60.285714285714285,63.57142857142857,11.5,11.726190476190474,1.4777257761127442,0.8040609137055839,12.857142857142858,11.571428571428571,8.714285714285714,14.857142857142858,14.738095238095239,0.9110060223674861,0.9208400646203554,14.857142857142858,15.428571428571429,13.571428571428571,81.17857142857143,81.89285714285714,2.5908656920057163,0.9576973397296119,82.85714285714286,79.57142857142857,82.57142857142857,0.08623293308789584,-0.0020749279538905263,0.13237410071942435,0.023557143577338235,0.05215281989084297,0.035934162583239004,0.011925538103548572,-0.010523321956769083,0.0008733624454149158,0.0017497812773403787,0.017292884645719875,7,27,1,0,0.002874389192296656,1
2024-07-08,65.42857142857143,2753291.8571428573,12.0,588545.0,12.285714285714286,532486.4285714285,86.0,3566999.4285714286,3.489,87.15,123.3576,60.964285714285715,61.607142857142854,3.075855060587369,1.0620289855072464,59.714285714285715,58.42857142857143,63.857142857142854,11.464285714285715,11.571428571428571,1.4586127040473837,1.037037037037037,9.428571428571429,12.857142857142858,12.142857142857142,14.035714285714286,14.55952380952381,1.4015297764537666,0.8438266557645135,13.571428571428571,14.857142857142858,15.571428571428571,81.71428571428572,81.96428571428571,3.4186363991993267,1.0492374727668845,78.42857142857143,82.85714285714286,83.85714285714286,0.001967462231079631,0.00669978052443132,0.0949868073878628,0.025242173433095608,-0.0020749279538905263,0.05215281989084297,0.002874389192296656,0.017497812773403343,0.011925538103548572,0.0008733624454149158,-0.004478159991929687,7,28,1,0,0.0020063055316710265,1
2024-07-15,65.0,3003930.8571428573,12.285714285714286,633926.7142857143,13.857142857142858,507272.85714285716,76.85714285714286,3030190.285714286,3.496,86.42,122.6347,62.14285714285714,62.0,3.5894781990556575,1.0483870967741935,65.42857142857143,59.714285714285715,60.285714285714285,11.642857142857144,11.666666666666666,1.5185922589621765,1.053061224489796,12.0,9.428571428571429,11.571428571428571,13.642857142857142,14.476190476190476,1.0594569267283707,0.9572368421052632,12.285714285714286,13.571428571428571,15.428571428571429,81.03571428571429,81.80952380952381,4.172105294097053,0.9394644935972061,86.0,78.42857142857143,79.57142857142857,0.0004625857583852866,-0.008376362593230158,0.048150394178289924,0.02740803263468044,0.00669978052443132,-0.0020749279538905263,0.0020063055316710265,0.01775836972343514,0.002874389192296656,0.011925538103548572,-0.012913014431861214,7,29,1,0,-0.007151029748283744,0
2024-07-22,59.714285714285715,2822188.8571428573,10.857142857142858,468304.4285714286,14.285714285714286,680506.7142857143,80.57142857142857,3349494.285714286,3.471,83.44,123.2172,62.464285714285715,62.26190476190476,3.1802430061601408,0.9590822179732315,65.0,65.42857142857143,58.42857142857143,11.142857142857142,11.583333333333334,1.2988744473320872,0.9373072970195272,12.285714285714286,12.0,12.857142857142858,13.5,14.595238095238095,0.8611019676207714,0.9787928221859707,13.857142857142858,12.285714285714286,14.857142857142858,80.46428571428571,81.84523809523809,3.9921266049476287,0.9844363636363637,76.85714285714286,86.0,82.85714285714286,0.035095324796226735,-0.034482758620689724,-0.03815561959654179,0.017728993699605032,-0.008376362593230158,0.00669978052443132,-0.007151029748283744,0.009598603839441555,0.0020063055316710265,0.002874389192296656,-0.004003637465898713,7,30,1,0,0.0037453183520599342,1
2024-07-29,61.0,2999830.714285714,10.571428571428571,507722.4285714286,16.142857142857142,564971.8571428572,77.42857142857143,3384053.5714285714,3.484,80.94,124.1392,62.785714285714285,62.1904761904762,2.8583330854205977,0.9808575803981622,59.714285714285715,65.0,59.714285714285715,11.428571428571429,11.321428571428571,0.8411200825075672,0.9337539432176656,10.857142857142858,12.285714285714286,9.428571428571429,14.142857142857144,14.904761904761903,1.586507737996227,1.0830670926517572,14.285714285714286,13.857142857142858,13.571428571428571,80.21428571428572,81.22619047619047,4.188581822893467,0.9532463725633886,80.57142857142857,76.85714285714286,78.42857142857143,0.012268752792256615,-0.029961649089165876,-0.06503407646990866,0.019225115910154886,-0.034482758620689724,-0.008376362593230158,0.0037453183520599342,0.0014371945961482169,-0.007151029748283744,0.0020063055316710265,-0.0026312258620176943,7,31,1,0,-0.010332950631458115,0
2024-08-05,56.857142857142854,2318598.285714286,11.857142857142858,592557.1428571428,14.714285714285714,577761.0,80.85714285714286,3627868.8571428573,3.448,77.51,123.5787,60.64285714285714,61.75,3.3816230052534424,0.9207634470792365,61.0,59.714285714285715,65.42857142857143,11.392857142857142,11.357142857142856,0.8112726208287697,1.0440251572327046,10.571428571428571,10.857142857142858,12.0,14.75,14.595238095238095,0.9923174278182121,1.0081566068515497,16.142857142857142,14.285714285714286,12.285714285714286,78.92857142857143,81.05952380952381,2.0783955088373625,0.9975033044499927,77.42857142857143,80.57142857142857,86.0,0.007387871096629112,-0.04237706943414865,-0.11061388410786,0.014549970816965279,-0.029961649089165876,-0.034482758620689724,-0.010332950631458115,-0.011751218114072759,0.0037453183520599342,-0.007151029748283744,0.0017923500457206476,8,32,1,0,-0.009860788863109038,0
2024-08-12,62.0,2929637.4285714286,10.857142857142858,494539.85714285716,14.285714285714286,508982.5714285714,80.57142857142857,3089635.5714285714,3.414,83.06,123.2204,59.89285714285714,61.797619047619044,2.2295937825921825,1.0032748988634175,56.857142857142854,61.0,65.0,11.035714285714286,11.154761904761905,0.5639390134443774,0.9733191035218783,11.857142857142858,10.571428571428571,12.285714285714286,14.857142857142858,14.488095238095235,0.8806305718531181,0.9860312243221038,14.714285714285714,16.142857142857142,13.857142857142858,79.85714285714286,80.55952380952381,1.624640200878852,1.000147775971627,80.85714285714286,77.42857142857143,76.85714285714286,0.009306749330243336,0.07160366404334928,-0.038879888914603145,0.05385037352577482,-0.04237706943414865,-0.029961649089165876,-0.009860788863109038,-0.02345537757437066,-0.010332950631458115,0.0037453183520599342,0.004775972869016654,8,33,1,0,-0.009373169302870576,0
2024-08-19,50.714285714285715,2889660.714285714,9.714285714285714,420331.0,15.571428571428571,661243.8571428572,74.28571428571429,2877743.0,3.382,81.09,121.8788,57.64285714285714,60.547619047619044,5.127622939218775,0.8375933936295714,62.0,56.857142857142854,59.714285714285715,10.75,11.071428571428571,0.8835226340610799,0.8774193548387096,10.857142857142858,11.857142857142858,10.857142857142858,15.178571428571427,14.511904761904761,0.8360499936232321,1.0730106644790813,14.285714285714286,14.714285714285714,14.285714285714286,78.28571428571429,80.32142857142857,3.0860669992416643,0.9248554913294799,80.57142857142857,80.85714285714286,80.57142857142857,0.07178027393078945,-0.023717794365518907,-0.028163950143815897,0.05238845117581367,0.07160366404334928,-0.04237706943414865,-0.009373169302870576,-0.02564102564102566,-0.009860788863109038,-0.010332950631458115,-0.010862119898845335,8,34,1,0,-0.020402128917800133,0
2024-08-26,56.714285714285715,2618321.714285714,10.285714285714286,399347.4285714286,17.285714285714285,628454.4285714285,83.42857142857143,3771005.1428571427,3.313,80.34,121.6943,56.57142857142857,59.97619047619048,4.614381541095486,0.945613338626439,50.714285714285715,62.0,61.0,10.678571428571429,11.202380952380954,0.9138019553523142,0.9181721572794899,9.714285714285714,10.857142857142858,10.571428571428571,15.464285714285714,14.821428571428571,1.3267268300721449,1.1662650602409639,15.571428571428571,14.285714285714286,16.142857142857142,79.78571428571429,80.39285714285714,3.8852590769775994,1.0377609951132831,74.28571428571429,80.57142857142857,77.42857142857143,-0.016952887815043977,-0.009248982611912648,-0.007412898443291294,0.05022443272001886,-0.023717794365518907,0.07160366404334928,-0.020402128917800133,-0.049081515499425854,-0.009373169302870576,-0.009860788863109038,-0.019694826452885228,8,35,1,0,-0.007244189556293357,0
2024-09-02,63.857142857142854,2609343.0,10.285714285714286,560018.8571428572,13.714285714285714,524363.2857142857,78.57142857142857,3369753.1428571427,3.289,77.82,122.3262,58.32142857142858,59.976190476190474,5.905577900606833,1.0647082175466456,56.714285714285715,50.714285714285715,56.857142857142854,10.285714285714286,11.047619047619046,0.46656947481614136,0.9310344827586209,10.285714285714286,9.714285714285714,11.857142857142858,15.214285714285714,14.666666666666666,1.5843623580586983,0.935064935064935,17.285714285714285,15.571428571428571,14.714285714285714,79.21428571428572,79.95238095238096,3.84300760902083,0.982727814175104,83.42857142857143,74.28571428571429,80.85714285714286,0.02161613761367362,-0.031366691560866466,0.003999483937556336,0.04741946701920872,-0.009248982611912648,-0.023717794365518907,-0.007244189556293357,-0.046113689095127586,-0.020402128917800133,-0.009373169302870576,-0.010135241752826318,9,36,0,0,-0.01611432046214656,0
2024-09-09,66.14285714285714,2898747.1428571427,9.714285714285714,510038.5714285714,13.142857142857142,504302.71428571426,77.42857142857143,3120456.5714285714,3.236,72.37,122.7156,59.357142857142854,60.46428571428572,7.023284887589601,1.0939161252215002,63.857142857142854,56.714285714285715,62.0,10.0,10.892857142857144,0.32991443953735905,0.8918032786885244,10.285714285714286,10.285714285714286,10.857142857142858,14.928571428571427,14.476190476190476,1.8826092762640736,0.9078947368421052,13.714285714285714,17.285714285714285,14.285714285714286,78.42857142857143,79.77380952380952,3.794016054674536,0.9706014027757052,78.57142857142857,83.42857142857143,80.57142857142857,0.03394611411804127,-0.07003341043433553,-0.12870214302913552,0.025967998409886252,-0.031366691560866466,-0.009248982611912648,-0.01611432046214656,-0.0521382542472173,-0.007244189556293357,-0.020402128917800133,-0.004096724243712879,9,37,0,0,-0.017305315203955507,0
2024-09-16,61.57142857142857,2674637.4285714286,9.857142857142858,454106.28571428574,14.285714285714286,647790.1428571428,77.28571428571429,3699318.285714286,3.18,73.96,121.4976,62.07142857142857,60.72619047619048,4.029651999626573,1.0139188394432463,66.14285714285714,63.857142857142854,50.714285714285715,10.035714285714286,10.642857142857142,0.294507544687456,0.9261744966442954,9.714285714285714,10.285714285714286,9.714285714285714,14.607142857142858,14.428571428571429,1.8456604739319662,0.9900990099009901,13.142857142857142,13.714285714285714,15.571428571428571,79.17857142857143,79.30952380952381,2.89116646656912,0.9744821374962475,77.42857142857143,78.57142857142857,74.28571428571429,0.023831379128805175,0.021970429736078323,-0.08792699469725007,0.03869028914016183,-0.07003341043433553,-0.031366691560866466,-0.017305315203955507,-0.05972797161442933,-0.01611432046214656,-0.007244189556293357,-0.0031276973517953,9,38,0,0,0.0015723270440251014,1
2024-09-23,64.28571428571429,3063461.4285714286,11.857142857142858,526396.2857142857,15.714285714285714,608484.5714285715,80.85714285714286,3243040.5714285714,3.185,74.95,121.4303,63.964285714285715,61.107142857142854,1.8785397426258441,1.0520163646990066,61.57142857142857,66.14285714285714,56.714285714285715,10.428571428571429,10.845238095238095,0.9828460685977725,1.093304061470911,9.857142857142858,9.714285714285714,10.285714285714286,14.214285714285714,14.607142857142856,1.1034885929771765,1.075794621026895,14.285714285714286,13.142857142857142,17.285714285714285,78.53571428571428,79.51190476190477,1.6511179473887838,1.0169187004042521,77.28571428571429,77.42857142857143,83.42857142857143,-0.05950843690026619,0.013385613845321886,-0.0670898680607418,0.0426613327827486,0.021970429736078323,-0.07003341043433553,0.0015723270440251014,-0.03863567763356479,-0.017305315203955507,-0.01611432046214656,-0.00216937029918407,9,39,0,0,-0.0018838304552590834,0
2024-09-30,58.0,2678635.714285714,11.857142857142858,642527.7142857143,16.428571428571427,566085.8571428572,81.42857142857143,3329954.8571428573,3.179,72.35,121.2864,62.5,60.48809523809524,3.538899479189639,0.9588663648888014,64.28571428571429,61.57142857142857,63.857142857142854,10.821428571428571,10.833333333333334,1.1973610438744116,1.0945054945054944,11.857142857142858,9.857142857142858,10.285714285714286,14.892857142857142,14.952380952380954,1.467910727790563,1.0987261146496812,15.714285714285714,14.285714285714286,13.714285714285714,79.25,79.1309523809524,2.198871077076648,1.029035655182789,80.85714285714286,77.28571428571429,78.57142857142857,-0.0452834073066915,-0.034689793195463725,-0.07029041377537903,0.043077387906406826,0.013385613845321886,0.021970429736078323,-0.0018838304552590834,-0.033444816053511794,0.0015723270440251014,-0.017305315203955507,-0.0085002231737763,9,40,0,0,-0.013526266121421715,0
2024-10-07,59.285714285714285,2677917.285714286,9.857142857142858,444413.0,14.428571428571429,689356.0,82.0,3434660.8571428573,3.136,81.74,122.4241,60.785714285714285,60.011904761904766,2.7614942223614247,0.9878992263439793,58.0,64.28571428571429,66.14285714285714,10.857142857142858,10.630952380952381,1.1547005383793658,0.9272116461366181,11.857142857142858,11.857142857142858,9.714285714285714,15.214285714285715,15.0,1.0334540197246425,0.9619047619047619,16.428571428571427,15.714285714285714,13.142857142857142,80.39285714285714,79.55952380952381,2.1233236685345815,1.030674846625767,81.42857142857143,80.85714285714286,77.42857142857143,0.023077379747218435,0.1297857636489288,0.12947353875915413,0.06941462057147502,-0.034689793195463725,0.013385613845321886,-0.013526266121421715,-0.030902348578491945,-0.0018838304552590834,0.0015723270440251014,-0.0023754111131755185,10,41,0,0,0.01116071428571419,1
2024-10-14,62.714285714285715,3016649.285714286,11.428571428571429,441386.71428571426,12.857142857142858,425154.28571428574,79.42857142857143,3350826.8571428573,3.171,78.47,122.9805,61.07142857142857,60.26190476190476,2.9242127843511474,1.0406953773212169,59.285714285714285,58.0,61.57142857142857,11.25,10.678571428571429,0.9502953354037105,1.0702341137123745,9.857142857142858,11.857142857142858,9.857142857142858,14.857142857142856,14.880952380952381,1.5692625765034751,0.864,14.428571428571429,16.428571428571427,14.285714285714286,80.92857142857143,79.46428571428572,1.1034885929761493,0.9995505617977527,82.0,81.42857142857143,77.28571428571429,0.0063799867921639775,-0.04000489356496206,0.06097890751757706,0.07885646891996392,0.1297857636489288,-0.034689793195463725,0.01116071428571419,-0.002830188679245338,-0.013526266121421715,-0.0018838304552590834,0.01220517936156762,10,42,0,0,-0.008514664143803086,0
2024-10-21,58.142857142857146,2344526.4285714286,10.428571428571429,504560.4285714286,15.0,544752.8571428572,84.14285714285714,3714465.5714285714,3.144,73.29,124.4757,59.535714285714285,60.023809523809526,2.195775164134129,0.9686632288774296,62.714285714285715,59.285714285714285,64.28571428571429,10.892857142857142,10.666666666666666,0.9138019553523102,0.9776785714285715,11.428571428571429,9.857142857142858,11.857142857142858,14.678571428571429,14.785714285714286,1.4771502256427378,1.0144927536231882,12.857142857142858,14.428571428571429,15.714285714285714,81.75,80.02380952380953,1.9391245657850518,1.0514727759595357,79.42857142857143,82.0,80.85714285714286,-0.003076832472181268,-0.0660124888492416,-0.02214809873248824,0.08939788789691998,-0.04000489356496206,0.1297857636489288,-0.008514664143803086,-0.012872841444270033,0.01116071428571419,-0.013526266121421715,0.025079407693137545,10,43,0,0,-0.014949109414758355,0
2024-10-28,51.857142857142854,2572318.4285714286,9.142857142857142,401986.85714285716,14.285714285714286,513536.0,83.85714285714286,3728608.8571428573,3.097,71.87,124.8076,58.0,59.607142857142854,4.532572965444111,0.8699820251647693,58.142857142857146,62.714285714285715,58.0,10.214285714285715,10.44047619047619,0.9653873777483981,0.8757126567844926,10.428571428571429,11.428571428571429,11.857142857142858,14.142857142857142,14.75,0.9110060223675485,0.9685230024213075,15.0,12.857142857142858,16.428571428571427,82.35714285714286,80.27380952380952,2.1712405933668517,1.0446388847693906,84.14285714285714,79.42857142857143,81.42857142857143,0.060285857715009994,-0.019375085277664073,-0.0066344160331719415,0.08788809799270508,-0.0660124888492416,-0.04000489356496206,-0.014949109414758355,-0.025794274929222927,-0.008514664143803086,0.01116071428571419,0.02903210912352905,10,44,0,0,-0.009041007426541792,0
2024-11-04,56.0,2400096.0,11.0,438113.71428571426,13.714285714285714,542803.4285714285,78.57142857142857,3330207.4285714286,3.069,74.89,124.5903,57.17857142857143,59.107142857142854,4.519609579189278,0.9474320241691844,51.857142857142854,58.142857142857146,59.285714285714285,10.5,10.452380952380953,0.993173981648434,1.0523917995444192,9.142857142857142,10.428571428571429,9.857142857142858,13.964285714285714,14.702380952380954,0.9063269671754366,0.9327935222672064,14.285714285714286,15.0,14.428571428571429,81.5,80.10714285714286,2.910221255351644,0.980829246544806,83.85714285714286,84.14285714285714,82.0,0.02163835186859603,0.04202031445665777,-0.08380229997553212,0.04604856843956367,-0.019375085277664073,-0.0660124888492416,-0.009041007426541792,-0.021364795918367374,-0.014949109414758355,-0.008514664143803086,0.017694228505661824,11,45,0,0,-0.005539263603779654,0
2024-11-11,59.57142857142857,2910662.285714286,12.428571428571429,572168.7142857143,15.714285714285714,628945.8571428572,76.28571428571429,3254130.5714285714,3.052,72.19,125.5811,56.39285714285714,59.845238095238095,3.3611930988295446,0.9954247065844439,56.0,51.857142857142854,62.714285714285715,10.75,10.678571428571429,1.3621461657513176,1.1638795986622072,11.0,9.142857142857142,11.428571428571429,14.678571428571429,14.714285714285714,0.8679869587412959,1.0679611650485437,13.714285714285714,14.285714285714286,12.857142857142858,80.71428571428572,80.27380952380952,3.9088248316628866,0.9503188491769243,78.57142857142857,83.85714285714286,79.42857142857143,-0.04439607986802979,-0.03605287755374553,-0.08003058493691861,0.04553998196222856,0.04202031445665777,-0.019375085277664073,-0.005539263603779654,-0.03752759381898452,-0.009041007426541792,-0.014949109414758355,0.021146441915588232,11,46,0,0,-0.001965923984272644,0
2024-11-18,52.714285714285715,2586849.8571428573,12.142857142857142,560984.8571428572,12.428571428571429,443161.28571428574,84.28571428571429,3561918.8571428573,3.046,74.35,126.6045,55.035714285714285,59.51190476190476,3.5116424437948917,0.8857771554310863,59.57142857142857,56.0,58.142857142857146,11.178571428571427,10.833333333333334,1.4909021147099204,1.1208791208791207,12.428571428571429,11.0,10.428571428571429,14.035714285714286,14.30952380952381,1.3621461657515284,0.8685524126455907,15.714285714285714,13.714285714285714,15.0,80.75,80.3452380952381,3.9510181241909823,1.049044302859683,76.28571428571429,78.57142857142857,84.14285714285714,0.01893675204612985,0.029921041695525563,0.014463091826988572,0.03771828218455998,-0.03605287755374553,0.04202031445665777,-0.001965923984272644,-0.03117048346055984,-0.005539263603779654,-0.009041007426541792,0.01710213318744147,11,47,0,0,-0.0006565988181220783,0
2024-11-25,49.142857142857146,2303616.0,10.285714285714286,371805.0,14.0,586790.4285714285,81.0,3579070.4285714286,3.044,74.27,126.9948,54.35714285714286,58.285714285714285,4.46376187402821,0.8431372549019609,52.714285714285715,59.57142857142857,51.857142857142854,11.464285714285715,10.833333333333334,0.9991492980171363,0.9494505494505495,12.142857142857142,12.428571428571429,9.142857142857142,13.964285714285715,14.333333333333334,1.352121034714666,0.9767441860465116,12.428571428571429,15.714285714285714,14.285714285714286,80.03571428571429,80.54761904761905,3.425345704783324,1.0056163168785102,84.28571428571429,76.28571428571429,83.85714285714286,0.05626292318061696,-0.0010759919300604714,0.033393627382774405,0.034923564130405996,0.029921041695525563,-0.03605287755374553,-0.0006565988181220783,-0.017113335485954173,-0.001965923984272644,-0.005539263603779654,0.017524573824029943,11,48,0,0,-0.00328515111695149,0
2024-12-02,47.57142857142857,2128667.714285714,11.285714285714286,570784.7142857143,11.142857142857142,418949.0,82.14285714285714,3614170.4285714286,3.034,72.81,127.1272,52.25,56.738095238095234,5.334236743213974,0.838438942509442,49.142857142857146,52.714285714285715,56.0,11.535714285714286,10.964285714285715,0.9645061476443684,1.0293159609120521,10.285714285714286,12.142857142857142,11.0,13.321428571428571,14.166666666666666,1.9773375901901977,0.7865546218487395,14.0,12.428571428571429,13.714285714285714,80.92857142857143,80.94047619047619,3.381623005253301,1.0148551257537872,81.0,84.28571428571429,78.57142857142857,0.0827088372439948,-0.019658004577891353,-0.02777406863399645,0.028297410844380044,-0.0010759919300604714,0.029921041695525563,-0.00328515111695149,-0.011404366243075947,-0.0006565988181220783,-0.001965923984272644,0.020361938288935733,12,49,0,1,-0.00856954515491093,0
2024-12-09,47.857142857142854,2701536.714285714,11.0,438159.71428571426,13.285714285714286,608229.1428571428,76.85714285714286,3368300.5714285714,3.008,73.73,126.5981,49.32142857142858,55.595238095238095,2.362907813126607,0.860813704496788,47.57142857142857,49.142857142857146,59.57142857142857,11.178571428571429,11.05952380952381,0.7682031335669114,0.9946178686759957,11.285714285714286,10.285714285714286,12.428571428571429,12.714285714285715,14.083333333333334,1.2289036095779402,0.9433643279797126,11.142857142857142,14.0,15.714285714285714,81.07142857142857,80.90476190476191,3.1222266605303295,0.949970570924073,82.14285714285714,81.0,76.28571428571429,0.0628083819808577,0.012635626974316638,0.021332594542180505,0.021003693744403595,-0.019658004577891353,-0.0010759919300604714,-0.00856954515491093,-0.014416775884665833,-0.00328515111695149,-0.0006565988181220783,0.00809835237945844,12,50,0,1,0.0026595744680850686,1
2024-12-16,50.857142857142854,2611018.714285714,11.0,540572.7142857143,13.0,532147.5714285715,82.14285714285714,3634409.8571428573,3.016,74.3,127.2687,48.85714285714286,54.47619047619048,1.498298354529285,0.9335664335664334,47.857142857142854,47.57142857142857,52.714285714285715,10.892857142857142,10.988095238095239,0.4265826873138527,1.0010834236186348,11.0,11.285714285714286,12.142857142857142,12.857142857142858,13.857142857142856,1.2177820811951243,0.9381443298969073,13.285714285714286,11.142857142857142,12.428571428571429,80.53571428571429,81.01190476190476,2.5108607625087513,1.0139603232916972,76.85714285714286,82.14285714285714,84.28571428571429,0.028311372406581825,0.007730910077309083,-0.0006724949562877391,0.01422424204966626,0.012635626974316638,-0.019658004577891353,0.0026595744680850686,-0.009848982271831841,-0.00856954515491093,-0.00328515111695149,0.005246259019229038,12,51,0,1,0.0026525198938991412,1
2024-12-23,44.42857142857143,2100899.5714285714,9.428571428571429,480508.71428571426,13.571428571428571,603861.7142857143,82.0,3146855.285714286,3.024,72.12,128.3021,47.67857142857142,53.345238095238095,2.6273677368216735,0.8328498103101987,50.857142857142854,47.857142857142854,49.142857142857146,10.678571428571429,10.785714285714285,0.8441475191066274,0.8741721854304637,11.0,11.0,10.285714285714286,12.75,13.619047619047619,1.096531327588038,0.9965034965034966,13.0,13.285714285714286,14.0,80.78571428571429,81.05952380952381,2.6199132768528433,1.0116022910853282,82.14285714285714,76.85714285714286,81.0,0.07121805416762822,-0.02934051144010752,-0.028948431398949648,0.020508382353940945,0.007730910077309083,0.012635626974316638,0.0026525198938991412,-0.006570302233902758,0.0026595744680850686,-0.00856954515491093,0.010294122279022488,12,52,0,1,-0.005952380952381042,0
2024-12-30,39.714285714285715,1736579.7142857143,13.857142857142858,601625.4285714285,13.428571428571429,559331.0,81.14285714285714,3294707.0,3.006,74.24,128.8205,45.714285714285715,51.714285714285715,4.785181206984265,0.7679558011049724,44.42857142857143,50.857142857142854,47.57142857142857,11.321428571428571,11.11904761904762,1.8456604739318292,1.2462526766595288,9.428571428571429,11.0,11.285714285714286,13.321428571428573,13.535714285714285,0.24397501823908033,0.9920844327176782,13.571428571428571,13.0,11.142857142857142,80.53571428571428,80.98809523809523,2.4918233632157665,1.0019109216522124,82.0,82.14285714285714,82.14285714285714,-0.0020509580335979494,0.029395452024403745,0.01964015931877472,0.024766409131018755,-0.02934051144010752,0.007730910077309083,-0.005952380952381042,-0.009228740936057966,0.0026525198938991412,0.0026595744680850686,0.013319730160028742,12,1,0,1,0.013639387890884924,1
2025-01-06,40.57142857142857,1868962.5714285714,8.714285714285714,366359.85714285716,12.857142857142858,460145.71428571426,79.57142857142857,3601441.8571428573,3.047,77.27,128.538,43.89285714285714,49.86904761904762,5.0754511209975055,0.8135593220338982,39.714285714285715,44.42857142857143,47.857142857142854,10.75,10.892857142857144,2.280872848797412,0.7999999999999998,13.857142857142858,9.428571428571429,11.0,13.214285714285714,13.535714285714285,0.34006802040822204,0.949868073878628,13.428571428571429,13.571428571428571,13.285714285714286,81.21428571428572,81.0,1.1809139778695663,0.982363315696649,81.14285714285714,82.0,76.85714285714286,0.11355232209770622,0.04081357758620685,0.04801302048013012,0.03087608130787395,0.029395452024403745,-0.02934051144010752,0.013639387890884924,0.012965425531914931,-0.005952380952381042,0.0026525198938991412,0.01532329474139038,1,2,0,1,-0.0013127666557269935,0
2025-01-13,43.0,2235513.0,12.0,443540.71428571426,11.857142857142858,521641.85714285716,77.57142857142857,3255743.285714286,3.043,82.69,130.0413,41.92857142857143,48.607142857142854,2.1712405933678083,0.884643644379133,40.57142857142857,39.714285714285715,50.857142857142854,11.0,11.023809523809524,2.3704530408864635,1.0885529157667386,8.714285714285714,13.857142857142858,11.0,12.92857142857143,13.273809523809524,0.7781016494467508,0.8932735426008969,12.857142857142858,13.428571428571429,13.0,80.07142857142857,80.45238095238095,1.946565089139616,0.9641905889316366,79.57142857142857,81.14285714285714,82.14285714285714,0.042334827080398735,0.07014365212889873,0.11292059219380879,0.04175289519704218,0.04081357758620685,0.029395452024403745,-0.0013127666557269935,0.008952254641909851,0.013639387890884924,-0.005952380952381042,0.02178540363812953,1,3,0,1,0.021689122576404873,1
2025-01-20,42.285714285714285,2025822.142857143,9.857142857142858,410146.4285714286,13.428571428571429,584549.4285714285,81.71428571428571,3046502.1428571427,3.109,81.68,129.4859,41.39285714285714,47.80952380952382,1.5135442928877765,0.8844621513944222,43.0,40.57142857142857,44.42857142857143,11.107142857142858,11.083333333333334,2.283853409165764,0.8893662728249194,12.0,8.714285714285714,9.428571428571429,12.892857142857142,13.202380952380954,0.7411610674422716,1.0171325518485121,11.857142857142858,12.857142857142858,13.571428571428571,80.0,80.27380952380953,1.8553104513118324,1.0179445350734093,77.57142857142857,79.57142857142857,82.0,0.04777362221468423,-0.012214294352400401,0.13255684969495296,0.03412867833689243,0.07014365212889873,0.04081357758620685,0.021689122576404873,0.028108465608465583,-0.0013127666557269935,0.013639387890884924,0.009226661138048264,1,4,0,1,-0.0019298809906721504,0
2025-01-27,46.142857142857146,2377647.0,11.571428571428571,624130.7142857143,12.571428571428571,623514.5714285715,80.14285714285714,3577900.4285714286,3.103,77.3,128.0912,43.0,46.98809523809524,2.329929490043372,0.9820116544210793,42.285714285714285,43.0,39.714285714285715,10.535714285714286,11.130952380952381,1.5269684518880864,1.039572192513369,9.857142857142858,12.0,13.857142857142858,12.678571428571427,13.107142857142856,0.65335346352519,0.9591280653950954,13.428571428571429,11.857142857142858,13.428571428571429,79.75,80.4047619047619,1.7118037588585275,0.996742671009772,81.71428571428571,77.57142857142857,81.14285714285714,0.005636354165171081,-0.05362389813907942,0.04121767241379315,0.05508072744474248,-0.012214294352400401,0.07014365212889873,-0.0019298809906721504,0.03226879574184971,0.021689122576404873,-0.0013127666557269935,-0.005661366009292235,1,5,0,1,-0.006767644215275648,0
2025-02-03,45.0,2157627.8571428573,9.571428571428571,489069.28571428574,13.0,581076.8571428572,78.85714285714286,2975868.285714286,3.082,76.49,129.109,44.10714285714286,45.77380952380952,1.778078914405244,0.9830949284785436,46.142857142857146,42.285714285714285,40.57142857142857,10.75,10.892857142857144,1.214285714285824,0.8786885245901638,11.571428571428571,9.857142857142858,8.714285714285714,12.714285714285715,12.88095238095238,0.6700593942612637,1.0092421441774493,12.571428571428571,13.428571428571429,12.857142857142858,79.57142857142857,80.61904761904762,1.7728105208554599,0.9781453041937389,80.14285714285714,81.71428571428571,79.57142857142857,0.0377072746400261,-0.01047865459249675,-0.010094473922609093,0.05178519251104486,-0.05362389813907942,-0.012214294352400401,-0.006767644215275648,0.011486708237610666,-0.0019298809906721504,0.021689122576404873,0.0044422661002971875,2,6,0,1,0.014925373134328401,1
2025-02-10,44.142857142857146,1978727.4285714286,10.714285714285714,460844.0,11.0,500128.28571428574,74.71428571428571,3563283.285714286,3.128,76.23,128.6382,44.392857142857146,45.0595238095238,1.626209649193918,0.9796565389696171,45.0,46.142857142857146,43.0,10.428571428571429,10.773809523809526,0.9035079029054038,0.9944751381215468,9.571428571428571,11.571428571428571,12.0,12.5,12.761904761904761,1.059456926728455,0.8619402985074628,13.0,12.571428571428571,11.857142857142858,78.85714285714286,79.82142857142857,2.9988659988252793,0.9360178970917226,78.85714285714286,80.14285714285714,77.57142857142857,0.05697753182741269,-0.0033991371421099315,-0.07812311041238351,0.022784557915788605,-0.01047865459249675,-0.05362389813907942,0.014925373134328401,0.027932960893854775,-0.006767644215275648,-0.0019298809906721504,-0.010789649134544166,2,7,0,1,0.006393861892583175,1
2025-02-17,53.0,2677848.0,10.857142857142858,521486.71428571426,13.714285714285714,539231.7142857143,81.28571428571429,3383697.714285714,3.148,75.81,127.1491,47.07142857142857,45.38095238095238,4.036399014815624,1.167890870933893,44.142857142857146,45.0,42.285714285714285,10.678571428571429,10.821428571428571,0.8278732690817677,1.0033003300330035,10.714285714285714,9.571428571428571,9.857142857142858,12.571428571428571,12.738095238095239,1.1487941030304423,1.0766355140186914,11.0,13.0,13.428571428571429,78.75,79.84523809523809,2.86754060400983,1.0180408528403162,74.71428571428571,78.85714285714286,81.71428571428571,-0.06646689195647604,-0.005509641873278293,-0.07186581782566115,0.0237667225318341,-0.0033991371421099315,-0.01047865459249675,0.006393861892583175,0.012544226439369588,0.014925373134328401,-0.006767644215275648,-0.01804675258078281,2,8,0,1,-0.007306226175349484,0
2025-02-24,55.42857142857143,2351698.285714286,11.428571428571429,552868.4285714285,12.714285714285714,507130.4285714286,74.85714285714286,3197805.714285714,3.125,74.89,127.1921,49.39285714285714,46.035714285714285,5.665716206805276,1.2040341349883632,53.0,44.142857142857146,46.142857142857146,10.642857142857142,10.833333333333334,0.7781016494462784,1.054945054945055,10.857142857142858,10.714285714285714,11.571428571428571,12.607142857142856,12.86904761904762,1.1510125681215821,0.9879740980573541,13.714285714285714,11.0,12.571428571428571,77.42857142857143,79.23809523809524,3.2092553229511296,0.9447115384615384,81.28571428571429,74.71428571428571,80.14285714285714,-0.04791620661307769,-0.012135602163303005,-0.03117723156532981,0.004105276391815583,-0.005509641873278293,-0.0033991371421099315,-0.007306226175349484,0.007089912987431557,0.006393861892583175,0.014925373134328401,-0.007019217557490243,2,9,0,1,-0.015040000000000053,0
2025-03-03,42.714285714285715,1858231.2857142857,11.142857142857142,519263.0,12.142857142857142,497283.71428571426,81.14285714285714,3730468.0,3.078,72.85,127.75,48.82142857142857,45.60714285714286,6.332482936104608,0.9365700861393891,55.42857142857143,53.0,45.0,11.035714285714286,10.845238095238095,0.3167651118016019,1.0274423710208562,11.428571428571429,10.857142857142858,9.571428571428571,12.392857142857142,12.773809523809526,1.1331432413615048,0.9506057781919849,12.714285714285714,13.714285714285714,13.0,78.0,79.59523809523809,3.7124537606775614,1.0194436135207898,74.85714285714286,81.28571428571429,78.85714285714286,0.016484537781744996,-0.027239951929496686,-0.04758791998954115,0.0107758047177356,-0.012135602163303005,-0.005509641873278293,-0.015040000000000053,-0.0012978585334199044,-0.007306226175349484,0.006393861892583175,-0.010525989667645286,3,10,0,0,-0.0029239766081871066,0
2025-03-10,55.857142857142854,2659453.0,10.142857142857142,550350.0,13.857142857142858,665384.0,75.42857142857143,2878589.4285714286,3.069,71.08,126.268,51.75,46.023809523809526,6.153783195648744,1.213657527159855,42.714285714285715,55.42857142857143,44.142857142857146,10.892857142857142,10.773809523809524,0.5517442964886421,0.9414364640883978,11.142857142857142,11.428571428571429,10.714285714285714,13.107142857142858,12.845238095238097,0.8196149751462417,1.0787766450417051,12.142857142857142,12.714285714285714,11.0,78.17857142857143,79.03571428571429,3.5135791004667807,0.9543605964753727,81.14285714285714,74.85714285714286,74.71428571428571,-0.04705780819133268,-0.024296499656829007,-0.06755870392234031,0.01022149887603273,-0.027239951929496686,-0.012135602163303005,-0.0029239766081871066,-0.01886189258312021,-0.015040000000000053,-0.007306226175349484,-0.018425320006032475,3,11,0,0,-0.0035842293906810374,0
2025-03-17,55.142857142857146,2634533.8571428573,12.714285714285714,777934.0,14.857142857142858,913327.2857142857,81.57142857142857,3574104.4285714286,3.058,71.93,125.3688,52.285714285714285,46.916666666666664,6.387700766976844,1.175336209083989,55.857142857142854,42.714285714285715,53.0,11.357142857142856,11.047619047619046,1.0594569267280702,1.1508620689655173,10.142857142857142,11.142857142857142,10.857142857142858,13.392857142857142,12.95238095238095,1.2086704901429663,1.147058823529412,13.857142857142858,12.142857142857142,13.714285714285714,78.25,79.0,3.5996503987465376,1.0325497287522605,75.42857142857143,81.14285714285714,81.28571428571429,-0.12645170758279467,0.011958356781091917,-0.05118058303653861,0.017832866659878748,-0.024296499656829007,-0.027239951929496686,-0.0035842293906810374,-0.02858958068615003,-0.0029239766081871066,-0.015040000000000053,-0.01400167205273184,3,12,0,0,0.018639633747547624,1
2025-03-24,56.57142857142857,2634202.8571428573,12.857142857142858,663356.4285714285,14.285714285714286,636345.7142857143,82.28571428571429,3800288.0,3.115,73.96,126.1956,52.57142857142858,48.32142857142858,6.597257727557008,1.170731707317073,55.142857142857146,55.857142857142854,55.42857142857143,11.714285714285715,10.964285714285715,1.3041013273933455,1.1726384364820845,12.714285714285714,10.142857142857142,11.428571428571429,13.785714285714286,13.023809523809526,1.1693361102678719,1.0968921389396709,14.857142857142858,13.857142857142858,12.714285714285714,80.10714285714286,79.0952380952381,3.154469887652665,1.0403371462974111,81.57142857142857,75.42857142857143,74.85714285714286,-0.12014985725905991,0.028221882385652597,-0.012418213379623566,0.027322584851238844,0.011958356781091917,-0.024296499656829007,0.018639633747547624,-0.0031999999999999806,-0.0035842293906810374,-0.0029239766081871066,-0.007834606080094564,3,13,0,0,0.01508828250401284,1
2025-03-31,53.42857142857143,2441440.1428571427,11.142857142857142,654647.1428571428,16.428571428571427,658012.2857142857,80.28571428571429,3522101.4285714286,3.162,77.23,126.7075,55.25,49.39285714285714,1.3470804914113128,1.0817064352856112,56.57142857142857,55.142857142857146,42.714285714285715,11.714285714285714,11.166666666666666,1.3041013273933455,0.9978678038379531,12.857142857142858,12.714285714285714,11.142857142857142,14.857142857142856,13.321428571428571,1.1248582677162997,1.2332439678284182,14.285714285714286,14.857142857142858,12.142857142857142,79.89285714285714,79.15476190476191,3.0890964709444306,1.0142878628365168,82.28571428571429,81.57142857142857,81.14285714285714,-0.08177651744712483,0.04421308815576008,0.060123541523678936,0.029335341758519113,0.028221882385652597,0.011958356781091917,0.01508828250401284,0.02729044834308003,0.018639633747547624,-0.0035842293906810374,-0.008160469667318981,3,14,0,0,0.02561669829222013,1
2025-04-07,63.42857142857143,2902652.0,13.428571428571429,628306.7142857143,13.714285714285714,591909.8571428572,73.85714285714286,3497072.8571428573,3.243,66.13,126.8282,57.142857142857146,51.095238095238095,4.383022285334867,1.2413793103448276,53.42857142857143,56.57142857142857,55.857142857142854,12.535714285714285,11.285714285714285,0.9785105994303276,1.189873417721519,11.142857142857142,12.857142857142858,10.142857142857142,14.821428571428571,13.476190476190476,1.1686086849344144,1.017667844522968,16.428571428571427,14.285714285714286,13.857142857142858,79.5,78.84523809523809,3.8518482179177567,0.9367356182998643,80.28571428571429,82.28571428571429,75.42857142857143,-0.09641404772229478,-0.14372653114074851,-0.06963984243106358,0.08693193235990399,0.04421308815576008,0.028221882385652597,0.02561669829222013,0.0566959921798631,0.01508828250401284,0.018639633747547624,0.0044365951785092506,4,15,0,0,-0.023126734505087843,0
2025-04-14,59.0,3041253.8571428573,12.428571428571429,660698.4285714285,16.285714285714285,800116.1428571428,81.71428571428571,3482194.714285714,3.168,67.18,123.6598,58.10714285714286,52.48809523809524,4.217512888656877,1.1240644136992515,63.42857142857143,53.42857142857143,55.142857142857146,12.464285714285715,11.5,0.9715336077669317,1.0807453416149069,13.428571428571429,11.142857142857142,12.714285714285714,15.178571428571429,13.714285714285714,1.3819782724699117,1.1875,13.714285714285714,16.428571428571427,14.857142857142858,79.53571428571429,78.84523809523809,3.8780298666020023,1.0363883436509136,73.85714285714286,80.28571428571429,81.57142857142857,-0.10717452474126798,0.015877816422198876,-0.0660364243014041,0.08735563682788487,-0.14372653114074851,0.04421308815576008,-0.023126734505087843,0.03597122302158273,0.02561669829222013,0.01508828250401284,-0.013631780793945447,4,16,0,0,-0.008522727272727293,0
2025-04-21,54.57142857142857,2267515.4285714286,10.714285714285714,653248.5714285715,14.285714285714286,692069.2857142857,76.14285714285714,3244884.1428571427,3.141,69.33,122.3145,57.607142857142854,53.1904761904762,4.564540942264182,1.0259623992837956,59.0,63.42857142857143,56.57142857142857,11.928571428571427,11.428571428571429,1.2371791482635792,0.9374999999999999,12.428571428571429,13.428571428571429,12.857142857142858,15.178571428571427,13.857142857142856,1.3819782724699117,1.0309278350515465,16.285714285714285,13.714285714285714,14.285714285714286,78.0,78.51190476190477,3.6346780261448624,0.9698256254738437,81.71428571428571,73.85714285714286,82.28571428571429,0.008946035047703582,0.03200357249181285,-0.06260140616549481,0.08798101949227513,0.015877816422198876,-0.14372653114074851,-0.008522727272727293,0.008346709470304914,-0.023126734505087843,0.02561669829222013,-0.030754638038093307,4,17,0,0,-0.002546959567016893,0
2025-04-28,66.0,2742765.4285714286,10.428571428571429,561188.7142857143,12.0,527423.5714285715,83.57142857142857,3951745.285714286,3.133,66.13,122.7176,60.75,54.9404761904762,5.032378158681334,1.2013001083423618,54.57142857142857,59.0,53.42857142857143,11.75,11.5,1.4255921314212938,0.906832298136646,10.714285714285714,12.428571428571429,11.142857142857142,14.071428571428571,13.773809523809524,1.767045268122094,0.8712186689714779,14.285714285714286,16.285714285714285,16.428571428571427,78.82142857142857,78.90476190476191,4.5734742446706065,1.0591430295715147,76.14285714285714,81.71428571428571,80.28571428571429,-0.009623526255500114,-0.04615606519544213,-0.14372653114074851,0.07963028336697682,0.03200357249181285,0.015877816422198876,-0.002546959567016893,-0.00917141049968373,-0.008522727272727293,-0.023126734505087843,-0.031489059447941004,4,18,0,0,0.00446856048515798,1
2025-05-05,59.0,2954140.0,11.142857142857142,559769.2857142857,14.142857142857142,682544.8571428572,81.71428571428571,3406844.285714286,3.147,61.57,122.2613,59.64285714285714,56.17857142857142,4.7243759261046065,1.0502225047679594,66.0,54.57142857142857,63.42857142857143,11.178571428571429,11.535714285714285,0.8835226340610702,0.9659442724458205,10.428571428571429,10.714285714285714,13.428571428571429,14.178571428571429,14.035714285714285,1.7510929531618464,1.0076335877862597,12.0,14.285714285714286,13.714285714285714,80.78571428571428,79.48809523809524,3.216665785484828,1.028006589785832,83.57142857142857,76.14285714285714,73.85714285714286,-0.012951738696467874,-0.06895508846211995,-0.06895508846211995,0.048413358930678774,-0.04615606519544213,0.03200357249181285,0.00446856048515798,-0.029602220166512483,-0.002546959567016893,-0.008522727272727293,-0.03600855330281427,5,19,1,0,-0.008579599618684375,0
2025-05-12,59.857142857142854,2410755.8571428573,10.714285714285714,546675.0,13.0,563104.1428571428,82.42857142857143,3291540.5714285714,3.12,65.28,123.4863,59.857142857142854,56.75,4.704896855593008,1.054751415984896,59.0,66.0,59.0,10.75,11.523809523809524,0.2945075446874216,0.9297520661157024,11.142857142857142,10.428571428571429,12.428571428571429,13.357142857142858,13.976190476190474,1.072221928495461,0.9301533219761501,14.142857142857142,12.0,16.285714285714285,80.96428571428571,79.58333333333333,3.3040379335996093,1.0357516828721018,81.71428571428571,83.57142857142857,81.71428571428571,0.012397878262787404,0.060256618483027546,-0.02828222685323023,0.06167045126722842,-0.06895508846211995,-0.04615606519544213,-0.008579599618684375,-0.015151515151515138,0.00446856048515798,-0.002546959567016893,-0.0014030428643747594,5,20,1,0,0.016987179487179427,1
2025-05-19,63.142857142857146,2825856.0,11.0,640852.8571428572,13.857142857142858,720153.7142857143,80.28571428571429,3635675.4285714286,3.173,66.25,122.4186,62.0,57.39285714285714,3.209255322951282,1.1001866832607343,59.857142857142854,59.0,54.57142857142857,10.821428571428573,11.488095238095239,0.31676511180160405,0.9575129533678756,10.714285714285714,11.142857142857142,10.714285714285714,13.25,14.071428571428571,0.9645061476447412,0.984771573604061,13.0,14.142857142857142,14.285714285714286,82.0,80.03571428571429,1.375193245541665,1.003123605533244,82.42857142857143,81.71428571428571,76.14285714285714,-0.01139870394147871,0.014859068627451011,-0.04442521275061295,0.058699600323879074,0.060256618483027546,-0.06895508846211995,0.016987179487179427,0.010187838268067573,-0.008579599618684375,0.00446856048515798,0.0008510847037759284,5,21,1,0,-0.00409706901985496,0
2025-05-26,59.57142857142857,2755049.8571428573,11.714285714285714,692128.5714285715,16.714285714285715,744106.8571428572,85.85714285714286,3253984.714285714,3.16,65.41,121.3837,60.39285714285714,58.797619047619044,1.8676443018132332,1.0131605588175745,63.142857142857146,59.857142857142854,66.0,11.142857142857142,11.535714285714285,0.4205600412540084,1.0154798761609907,11.0,10.714285714285714,10.428571428571429,14.428571428571429,14.45238095238095,1.5993195832142186,1.1565074135090612,13.857142857142858,13.0,12.0,82.57142857142857,80.42857142857143,2.36470647960634,1.0674955595026643,80.28571428571429,82.42857142857143,83.57142857142857,-0.06316085199757265,-0.012679245283018892,-0.01088764554665056,0.054026525240734945,0.014859068627451011,0.060256618483027546,-0.00409706901985496,0.00861793807851896,0.016987179487179427,-0.008579599618684375,-0.010869671505961631,5,22,1,0,-0.010443037974683711,0
2025-06-02,60.42857142857143,2767833.0,11.142857142857142,587728.7142857143,14.571428571428571,721621.1428571428,84.28571428571429,3730878.0,3.127,66.55,121.1881,60.75,59.17857142857142,1.6345545899367033,1.0211225105612554,59.57142857142857,63.142857142857146,59.0,11.142857142857142,11.619047619047619,0.4205600412540084,0.9590163934426229,11.714285714285714,11.0,11.142857142857142,14.535714285714285,14.511904761904761,1.5881148710147517,1.004101722723544,16.714285714285715,13.857142857142858,14.142857142857142,83.21428571428572,81.16666666666667,2.4032291201797396,1.038427691405104,85.85714285714286,80.28571428571429,81.71428571428571,-0.005667079533131586,0.017428527748050815,0.08088354718206925,0.0301195699978806,-0.012679245283018892,0.014859068627451011,-0.010443037974683711,-0.006355258976803335,-0.00409706901985496,0.016987179487179427,-0.008777920732071398,6,23,1,0,-0.006076111288775055,0
2025-06-09,61.142857142857146,3190220.285714286,12.714285714285714,612375.8571428572,13.857142857142858,652297.0,80.42857142857143,3256180.285714286,3.108,68.73,120.9103,61.07142857142857,59.67857142857142,1.5230652944495087,1.0245362058647518,60.42857142857143,59.57142857142857,59.857142857142854,11.642857142857142,11.619047619047619,0.7781016494462595,1.0942622950819672,11.142857142857142,11.714285714285714,10.714285714285714,14.75,14.428571428571429,1.3521210347146304,0.9603960396039604,14.571428571428571,16.714285714285715,13.0,82.71428571428572,81.07142857142857,2.7969857439213017,0.9920704845814978,84.28571428571429,85.85714285714286,82.42857142857143,-0.017816256283044285,0.03275732531930897,0.05284926470588247,0.018910403718991744,0.017428527748050815,-0.012679245283018892,-0.006076111288775055,-0.0038461538461538325,-0.010443037974683711,-0.00409706901985496,-0.020860613687510243,6,24,1,0,0.009974259974259825,1
2025-06-16,60.285714285714285,2715013.0,11.428571428571429,561352.0,16.0,629753.7142857143,85.85714285714286,3815303.1428571427,3.139,75.05,120.1565,60.35714285714286,59.98809523809524,0.6441785361177138,1.0049613018456043,61.142857142857146,60.42857142857143,63.142857142857146,11.75,11.5,0.6838765055404162,0.9937888198757764,12.714285714285714,11.142857142857142,11.0,15.285714285714286,14.57142857142857,1.3041013273935143,1.0980392156862746,13.857142857142858,14.571428571428571,13.857142857142858,84.10714285714286,81.36904761904762,2.5618206748455634,1.0551572787125092,80.42857142857143,84.28571428571429,80.28571428571429,-0.03798665403004112,0.09195402298850563,0.13283018867924534,0.043981389307415755,0.03275732531930897,0.017428527748050815,0.009974259974259825,-0.010715411282697818,-0.006076111288775055,-0.010443037974683711,-0.01847840115799404,6,25,1,0,0.02357438674737189,1
2025-06-23,55.142857142857146,2613324.0,11.0,635483.7142857143,13.285714285714286,613671.1428571428,83.28571428571429,3436083.714285714,3.213,74.34,121.1694,59.25000000000001,60.13095238095238,2.763648874593365,0.9170461294793111,60.285714285714285,61.142857142857146,59.57142857142857,11.571428571428571,11.488095238095239,0.7824607964361069,0.9575129533678756,11.428571428571429,12.714285714285714,11.714285714285714,14.428571428571429,14.30952380952381,1.1722412976280716,0.9284525790349418,16.0,13.857142857142858,16.714285714285715,83.46428571428572,81.61904761904762,2.283853409165319,1.0204200700116686,85.85714285714286,80.42857142857143,85.85714285714286,0.04414206702655074,-0.009460359760159798,0.1365234673597311,0.04289861373434775,0.09195402298850563,0.03275732531930897,0.02357438674737189,0.016772151898734267,0.009974259974259825,-0.006076111288775055,-0.001765475924691784,6,26,1,0,-0.015250544662309351,0
2025-06-30,61.714285714285715,2905195.1428571427,11.142857142857142,560104.5714285715,15.285714285714286,641560.5714285715,83.28571428571429,3584527.8571428573,3.164,68.15,119.4088,59.57142857142857,59.98809523809524,3.0101867865294056,1.0287755507045049,55.142857142857146,60.285714285714285,60.42857142857143,11.571428571428571,11.29761904761905,0.7824607964361069,0.9863013698630135,11.0,11.428571428571429,11.142857142857142,14.607142857142858,14.44047619047619,1.2528878206596303,1.058532563891179,13.285714285714286,16.0,14.571428571428571,83.21428571428572,82.40476190476191,2.2177392423224678,1.010690551863623,83.28571428571429,85.85714285714286,84.28571428571429,-0.021075009080580104,-0.0832660747914985,0.02404207362885069,0.07370111633443002,-0.009460359760159798,0.09195402298850563,-0.015250544662309351,0.011832427246562416,0.02357438674737189,0.009974259974259825,-0.014682134632030719,6,27,1,0,-0.012326169405815435,0
2025-07-07,57.142857142857146,2314811.285714286,11.142857142857142,654855.4285714285,15.857142857142858,824675.4285714285,82.85714285714286,3257759.285714286,3.125,71.95,119.6201,58.57142857142858,59.833333333333336,2.9783801468785307,0.955033824114604,61.714285714285715,55.142857142857146,61.142857142857146,11.178571428571427,11.19047619047619,0.17975796274524516,0.9957446808510638,11.142857142857142,11.0,12.714285714285714,15.107142857142858,14.404761904761905,1.2528878206596028,1.1008264462809918,15.285714285714286,13.285714285714286,13.857142857142858,83.82142857142857,82.50000000000001,1.3720980508778042,1.0043290043290043,83.28571428571429,83.28571428571429,80.42857142857143,-0.013983488893915985,0.055759354365370495,0.04684999272515644,0.07709624848483243,-0.0832660747914985,-0.009460359760159798,-0.012326169405815435,0.005469755469755366,-0.015250544662309351,0.02357438674737189,-0.01067072036046568,7,28,1,0,0.0016000000000000458,1
2025-07-14,57.0,2703908.714285714,12.428571428571429,696175.7142857143,15.428571428571429,804195.2857142857,82.14285714285714,3513836.8571428573,3.13,70.96,120.2209,57.75,60.035714285714285,2.795465229678364,0.9494348602022605,57.142857142857146,61.714285714285715,60.285714285714285,11.428571428571429,11.333333333333334,0.6700593942606742,1.0966386554621848,11.142857142857142,11.142857142857142,11.428571428571429,14.964285714285715,14.5,1.1450871101347027,1.064039408866995,15.857142857142858,15.285714285714286,16.0,82.89285714285715,83.0,0.5392738882320534,0.9896729776247848,82.85714285714286,83.28571428571429,85.85714285714286,-0.024946475539056295,-0.013759555246699251,-0.05449700199866758,0.05679750784502558,0.055759354365370495,-0.0832660747914985,0.0016000000000000458,-0.002867155144950617,-0.012326169405815435,-0.015250544662309351,0.0005359676754899123,7,29,1,0,-0.002875399361022324,0
2025-07-21,56.857142857142854,2992569.4285714286,9.571428571428571,505462.28571428574,14.428571428571429,575211.5714285715,85.42857142857143,3606656.285714286,3.121,71.92,119.9961,58.17857142857143,59.273809523809526,2.3600270954285625,0.9592287607953404,57.0,57.142857142857146,55.142857142857146,11.071428571428571,11.261904761904761,1.1693361102676023,0.849894291754757,12.428571428571429,11.142857142857142,11.0,15.25,14.702380952380954,0.5990355059724363,0.9813765182186234,15.428571428571429,15.857142857142858,13.285714285714286,83.42857142857143,83.15476190476191,1.4142135623724725,1.027344309234073,82.14285714285714,82.85714285714286,83.28571428571429,0.04553902999930157,0.013528748590755368,-0.03255313424804951,0.0583733803695031,-0.013759555246699251,0.055759354365370495,-0.002875399361022324,-0.028633675692499194,0.0016000000000000458,-0.012326169405815435,-0.009683137821925314,7,30,1,0,0.00064082024991996,1
2025-07-28,56.857142857142854,2454454.1428571427,10.285714285714286,509813.71428571426,15.285714285714286,754484.4285714285,84.0,3673087.714285714,3.123,70.87,120.6149,56.96428571428571,59.095238095238095,0.13677530111054215,0.9621273166800967,56.857142857142854,57.0,61.714285714285715,10.857142857142858,11.19047619047619,1.2289036095776242,0.9191489361702129,9.571428571428571,12.428571428571429,11.142857142857142,15.25,14.79761904761905,0.5990355059724363,1.0329847144006434,14.428571428571429,15.428571428571429,15.285714285714286,83.60714285714286,83.3452380952381,1.4351041110393445,1.00785602056849,85.42857142857143,82.14285714285714,83.28571428571429,0.019470753045139233,-0.014599555061179048,0.039911958914159884,0.033044461948744844,0.013528748590755368,-0.013759555246699251,0.00064082024991996,-0.012958280657395682,-0.002875399361022324,0.0016000000000000458,0.0101005956009943,7,31,1,0,0.005443483829650875,1
2025-08-04,56.714285714285715,2734063.5714285714,11.142857142857142,501443.71428571426,14.857142857142858,660740.8571428572,75.28571428571429,3109604.1428571427,3.14,69.56,120.9859,56.857142857142854,58.833333333333336,0.11664236870694235,0.9639821934439498,56.857142857142854,56.857142857142854,57.142857142857146,10.857142857142858,11.226190476190476,1.2289036095776242,0.992576882290562,10.285714285714286,9.571428571428571,11.142857142857142,15.0,14.952380952380954,0.4517539514534235,0.9936305732484075,15.285714285714286,14.428571428571429,15.857142857142858,81.71428571428571,82.75,4.491867178390046,0.9097971514889944,84.0,85.42857142857143,82.85714285714286,0.03500329988202158,-0.018484549174545006,-0.03321751216122304,0.014716285120680423,-0.014599555061179048,0.013528748590755368,0.005443483829650875,0.0048000000000001375,0.00064082024991996,-0.002875399361022324,0.011417813561433343,8,32,1,0,-0.007006369426751702,0
2025-08-11,56.142857142857146,2796806.8571428573,14.142857142857142,628481.0,15.571428571428571,729248.1428571428,79.42857142857143,3671306.285714286,3.118,67.36,120.6892,56.64285714285714,58.25,0.34006802040786527,0.9638258736971184,56.714285714285715,56.857142857142854,57.0,11.285714285714285,11.488095238095239,2.0101781827815315,1.2310880829015542,11.142857142857142,10.285714285714286,12.428571428571429,15.035714285714285,15.095238095238097,0.5000000000007161,1.031545741324921,14.857142857142858,15.285714285714286,15.428571428571429,81.03571428571429,82.67857142857143,4.609034310884449,0.9606911447084233,75.28571428571429,84.0,82.14285714285714,-0.04678771065800422,-0.031627372052904,-0.050732807215332465,0.01900197677371683,-0.018484549174545006,-0.014599555061179048,-0.007006369426751702,-0.003833865814696469,0.005443483829650875,0.00064082024991996,0.0038953293478920514,8,33,1,0,0.0022450288646569394,1
2025-08-18,60.714285714285715,2633512.714285714,9.571428571428571,472825.14285714284,15.142857142857142,587233.1428571428,83.71428571428571,3503220.4285714286,3.125,68.18,120.5622,57.60714285714286,58.345238095238095,2.0942909114469503,1.0406039583758417,56.142857142857146,56.714285714285715,56.857142857142854,11.285714285714286,11.309523809523808,2.0101781827815315,0.8463157894736842,14.142857142857142,11.142857142857142,9.571428571428571,15.214285714285715,14.964285714285715,0.2973808570677544,1.0119331742243436,15.571428571428571,14.857142857142858,14.428571428571429,80.60714285714286,82.50000000000001,4.117946453415324,1.0147186147186145,79.42857142857143,75.28571428571429,85.42857142857143,0.02160711580187899,0.012173396674584502,-0.05200222469410454,0.018377933900534927,-0.031627372052904,-0.018484549174545006,0.0022450288646569394,0.001281640499839698,-0.007006369426751702,0.005443483829650875,0.004717653323732973,8,34,1,0,0.007039999999999935,1
2025-08-25,60.142857142857146,3092423.5714285714,8.428571428571429,408407.14285714284,15.0,696282.7142857143,85.71428571428571,3683179.285714286,3.147,68.29,120.4214,58.42857142857143,58.32142857142858,2.3328473740793174,1.0312308634415186,60.714285714285715,56.142857142857146,56.857142857142854,10.821428571428573,11.083333333333334,2.47813568284412,0.7604726100966702,9.571428571428571,14.142857142857142,10.285714285714286,15.142857142857142,15.0,0.30860669992532086,1.0,15.142857142857142,15.571428571428571,15.285714285714286,81.03571428571428,82.61904761904762,4.644322113199616,1.037463976945245,83.71428571428571,79.42857142857143,84.0,0.04270813737914156,0.0016133763567027781,-0.036404684633836615,0.019688276487594324,0.012173396674584502,-0.031627372052904,0.007039999999999935,0.00768491834774232,0.0022450288646569394,-0.007006369426751702,-0.001604279404949116,8,35,1,0,0.009532888465205058,1
2025-09-01,61.285714285714285,2910877.714285714,12.714285714285714,726833.8571428572,14.0,564169.0,84.57142857142857,3357967.285714286,3.177,67.09,120.2082,59.57142857142857,58.333333333333336,2.33284737407928,1.0506122448979591,60.142857142857146,60.714285714285715,56.714285714285715,11.214285714285714,11.083333333333334,2.6636888135137604,1.1471535982814176,8.428571428571429,9.571428571428571,11.142857142857142,14.928571428571429,15.011904761904765,0.6649638116085933,0.9325931800158602,15.0,15.142857142857142,14.857142857142858,83.35714285714286,82.96428571428571,2.7441961017566077,1.0193715023676282,85.71428571428571,83.71428571428571,75.28571428571429,-0.03743263139071629,-0.017572118904671252,-0.03550891316848759,0.019547799943609844,0.0016133763567027781,0.012173396674584502,0.009532888465205058,0.011783439490445913,0.007039999999999935,0.0022450288646569394,-0.006428021777744264,9,36,0,0,0.0047214353163362865,1
2025-09-08,58.57142857142857,2677998.0,9.571428571428571,441309.0,15.0,716081.1428571428,81.42857142857143,3775462.1428571427,3.192,65.44,120.0971,60.17857142857143,58.19047619047618,1.1686086849341888,1.0065466448445173,61.285714285714285,60.142857142857146,56.142857142857146,10.071428571428571,10.928571428571429,1.842432583062275,0.8758169934640523,12.714285714285714,8.428571428571429,14.142857142857142,14.785714285714286,14.92857142857143,0.5281207860202042,1.0047846889952152,14.0,15.0,15.571428571428571,83.85714285714286,82.59523809523809,1.8145294174525974,0.985874891899683,84.57142857142857,85.71428571428571,79.42857142857143,0.031744195199133046,-0.02459382918467734,-0.028503562945368155,0.016961583774185517,-0.017572118904671252,0.0016133763567027781,0.0047214353163362865,0.023733162283515075,0.009532888465205058,0.007039999999999935,-0.004905989931162091,9,37,0,0,-0.007518796992481258,0
2025-09-15,49.857142857142854,2353027.285714286,12.285714285714286,668427.0,16.428571428571427,812057.1428571428,84.57142857142857,3452231.714285714,3.168,67.88,119.5644,57.464285714285715,57.75,5.192059609942656,0.8633271490414347,58.57142857142857,61.285714285714285,60.714285714285715,10.75,11.035714285714285,2.0812574691905574,1.1132686084142396,9.571428571428571,12.714285714285714,9.571428571428571,15.107142857142856,15.19047619047619,0.9991492980173664,1.0815047021943573,15.0,14.0,15.142857142857142,84.07142857142857,82.70238095238095,1.8424325830616886,1.0225996833165396,81.42857142857143,84.57142857142857,83.71428571428571,-0.02017503574164281,0.037286063569682115,-0.004400117336462506,0.02771174117987462,-0.02459382918467734,-0.017572118904671252,-0.007518796992481258,0.013759999999999994,0.0047214353163362865,0.009532888465205058,-0.008276225881744037,9,38,0,0,0.0015782828282828731,1
2025-09-22,59.285714285714285,2597013.0,10.714285714285714,625835.2857142857,16.285714285714285,660517.4285714285,89.42857142857143,3650594.4285714286,3.173,66.87,119.8152,57.25,57.547619047619044,5.060686140997849,1.0302027306578403,49.857142857142854,58.57142857142857,60.142857142857146,11.321428571428571,11.0,1.4492550279556282,0.9740259740259739,12.285714285714286,9.571428571428571,8.428571428571429,15.428571428571427,15.273809523809524,1.148794103030271,1.0662509742790334,16.428571428571427,15.0,15.0,85.0,83.21428571428571,3.30326575162344,1.0746781115879829,84.57142857142857,81.42857142857143,85.71428571428571,-0.03628944763770761,-0.014879198585739384,-0.020793674037194343,0.028446860064276987,0.037286063569682115,-0.02459382918467734,0.0015782828282828731,0.008261836669844369,-0.007518796992481258,0.0047214353163362865,-0.0050339889753814315,9,39,0,0,-0.017333753545540564,0
2025-09-29,60.285714285714285,2670277.5714285714,11.857142857142858,683276.0,16.142857142857142,839360.4285714285,80.71428571428571,3322058.5714285714,3.118,69.0,120.115,57.0,57.8095238095238,4.813529684879023,1.0428336079077432,59.285714285714285,49.857142857142854,61.285714285714285,11.107142857142858,11.05952380952381,1.2198750911857703,1.0721205597416577,10.714285714285714,12.285714285714286,12.714285714285714,15.964285714285712,15.297619047619046,0.6533534635248469,1.0552529182879378,16.285714285714285,16.428571428571427,14.0,84.03571428571429,83.03571428571428,3.966483732133166,0.9720430107526882,89.42857142857143,84.57142857142857,84.57142857142857,-0.03556252417250669,0.031852848811126044,0.028469220450141552,0.03168114750129557,-0.014879198585739384,0.037286063569682115,-0.017333753545540564,-0.018570978910922298,0.0015782828282828731,-0.007518796992481258,-0.0007753214838921441,9,40,0,0,0.0019243104554202972,1
2025-10-06,60.42857142857143,2844787.8571428573,12.571428571428571,705381.7142857143,15.571428571428571,700379.7142857143,83.85714285714286,3504488.714285714,3.124,67.09,120.2722,57.464285714285715,58.095238095238095,5.096851102049499,1.0401639344262295,60.285714285714285,59.285714285714285,58.57142857142857,11.857142857142858,11.071428571428571,0.8164965809278716,1.135483870967742,11.857142857142858,10.714285714285714,9.571428571428571,16.107142857142854,15.30952380952381,0.3757079485259923,1.0171073094867806,16.142857142857142,16.285714285714285,15.0,84.64285714285714,83.17857142857143,3.603664046192599,1.008158007728639,80.71428571428571,89.42857142857143,81.42857142857143,-0.050228280652347745,-0.027681159420289814,0.025213936430317885,0.03274083466228346,0.031852848811126044,-0.014879198585739384,0.0019243104554202972,-0.02130325814536338,-0.017333753545540564,0.0015782828282828731,0.0014579869122568478,10,41,0,0,-0.020166453265044848,0
2025-10-13,48.42857142857143,2055554.857142857,12.428571428571429,648069.5714285715,15.428571428571429,721605.5714285715,81.28571428571429,3691261.5714285714,3.061,64.15,121.1163,57.107142857142854,57.39285714285714,5.808011122344683,0.8438083385189795,60.42857142857143,60.285714285714285,49.857142857142854,11.892857142857142,11.30952380952381,0.8441475191066088,1.0989473684210527,12.571428571428571,11.857142857142858,12.285714285714286,15.857142857142858,15.392857142857144,0.42056004125442964,1.0023201856148491,15.571428571428571,16.142857142857142,16.428571428571427,83.82142857142858,82.83333333333333,3.9801804902154916,0.981316470250072,83.85714285714286,80.71428571428571,84.57142857142857,0.018401909298761676,-0.04382173200178863,-0.05494991160872109,0.03255367759078678,-0.027681159420289814,0.031852848811126044,-0.020166453265044848,-0.0337752525252526,0.0019243104554202972,-0.017333753545540564,0.01297961600610198,10,42,0,0,-0.0137210062071218,0
2025-10-20,47.57142857142857,2371596.4285714286,12.285714285714286,684723.1428571428,15.714285714285714,812195.0,86.71428571428571,3985439.8571428573,3.019,60.71,120.6209,54.17857142857143,56.61904761904762,7.143214276786234,0.840201850294365,48.42857142857143,60.42857142857143,59.285714285714285,12.285714285714286,11.476190476190476,0.30860669992455503,1.070539419087137,12.428571428571429,12.571428571428571,10.714285714285714,15.714285714285714,15.428571428571429,0.30860669992519923,1.0185185185185184,15.428571428571429,15.571428571428571,16.285714285714285,83.14285714285714,83.05952380952381,2.7454352962662583,1.0440017199369356,81.28571428571429,83.85714285714286,89.42857142857143,0.006684623040761034,-0.0536243180046766,-0.09211903693734114,0.03830463703119871,-0.04382173200178863,-0.027681159420289814,-0.0137210062071218,-0.0485345099275134,-0.020166453265044848,0.0019243104554202972,0.006724522431210689,10,43,0,0,0.005299768135144101,1
2025-10-27,56.0,2665278.4285714286,11.285714285714286,627648.5714285715,15.142857142857142,795510.4285714285,78.57142857142857,3321099.1428571427,3.035,65.52,120.7988,53.10714285714286,56.5595238095238,6.17805530461973,0.9901073458219324,47.57142857142857,48.42857142857143,60.285714285714285,12.142857142857144,11.488095238095239,0.5832118435200032,0.9823834196891191,12.285714285714286,12.428571428571429,11.857142857142858,15.464285714285714,15.45238095238095,0.24397501823848528,0.979969183359014,15.714285714285714,15.428571428571429,16.142857142857142,82.60714285714286,83.33333333333333,3.486368010517557,0.9428571428571428,86.71428571428571,81.28571428571429,80.71428571428571,0.026170727068197924,0.07922912205567445,-0.050434782608695716,0.06140779928637433,-0.0536243180046766,-0.04382173200178863,0.005299768135144101,-0.026619627966645187,-0.0137210062071218,-0.020166453265044848,0.005692877658910245,10,44,0,0,-0.005271828665568412,0
2025-11-03,49.142857142857146,2220549.714285714,11.857142857142858,685772.1428571428,13.857142857142858,657759.5714285715,81.71428571428571,3866099.8571428573,3.019,65.79,121.4512,50.285714285714285,55.97619047619048,3.8633107651376895,0.8779242875372182,56.0,47.57142857142857,60.42857142857143,11.964285714285715,11.297619047619046,0.5134252060204161,1.0495258166491046,11.285714285714286,12.285714285714286,12.571428571428571,15.035714285714285,15.309523809523808,0.8196149751460796,0.9051321928460343,15.142857142857142,15.714285714285714,15.571428571428571,82.07142857142857,83.52380952380953,3.393671581446763,0.9783352337514252,78.57142857142857,86.71428571428571,83.85714285714286,0.047270617304054435,0.004120879120879328,-0.019376956327321504,0.060664301571273734,0.07922912205567445,-0.0536243180046766,-0.005271828665568412,-0.0336107554417413,0.005299768135144101,-0.0137210062071218,0.009802764063515879,11,45,0,0,0.012255713812520774,1
2025-11-10,47.857142857142854,2263870.5714285714,14.571428571428571,882453.4285714285,17.142857142857142,904372.8571428572,87.85714285714286,4064486.5714285714,3.056,63.01,121.2984,50.142857142857146,54.9047619047619,3.9641248358606576,0.8716392020815265,49.142857142857146,56.0,48.42857142857143,12.5,11.714285714285715,1.4404269964052367,1.24390243902439,11.857142857142858,11.285714285714286,12.428571428571429,15.464285714285714,15.476190476190474,1.3621461657514617,1.1076923076923078,13.857142857142858,15.142857142857142,15.428571428571429,83.71428571428571,83.8690476190476,4.344047455923783,1.0475514549325764,81.71428571428571,78.57142857142857,81.28571428571429,-0.06769635093270016,-0.04225566195470454,-0.01777084957131736,0.060321620731609155,0.004120879120879328,0.07922912205567445,0.012255713812520774,-0.0016334531198953783,-0.005271828665568412,0.005299768135144101,0.0015035135650609543,11,46,0,0,0.0019633507853402676,1
2025-11-17,50.142857142857146,2526135.8571428573,11.714285714285714,684682.2857142857,14.142857142857142,704899.1428571428,84.0,4104259.4285714286,3.062,63.16,121.1146,50.785714285714285,54.07142857142858,3.5998866195299644,0.9273447820343461,47.857142857142854,49.142857142857146,47.57142857142857,12.357142857142858,11.988095238095239,1.496026483086267,0.9771598808341607,14.571428571428571,11.857142857142858,12.285714285714286,15.071428571428573,15.404761904761903,1.4869042853331906,0.9180834621329212,17.142857142857142,13.857142857142858,15.714285714285714,83.03571428571428,83.72619047619047,3.9094774082273993,1.003270297170482,87.85714285714286,81.71428571428571,86.71428571428571,0.04353539445702245,0.0023805745119822586,0.040355789820457844,0.05037501529408607,-0.04225566195470454,0.004120879120879328,0.0019633507853402676,0.014243126863199729,0.012255713812520774,-0.005271828665568412,0.004092988860139313,11,47,0,0,-0.0003265839320705233,0
2025-11-24,53.0,2821216.8571428573,12.428571428571429,635366.5714285715,13.571428571428571,663795.1428571428,84.28571428571429,3695189.285714286,3.061,64.83,121.9171,50.035714285714285,53.38095238095239,2.1864611235737867,0.9928635147190008,50.142857142857146,47.857142857142854,56.0,12.642857142857142,11.964285714285715,1.3222327025633995,1.0388059701492536,11.714285714285714,14.571428571428571,11.285714285714286,14.678571428571429,15.369047619047619,1.6593376270503175,0.8830364058869093,14.142857142857142,17.142857142857142,15.142857142857142,84.46428571428572,83.70238095238095,2.53780932902263,1.0069691366804154,84.0,87.85714285714286,78.57142857142857,0.01958124314110521,0.026440785307156434,-0.010531135531135494,0.02878437025286928,0.0023805745119822586,-0.04225566195470454,-0.0003265839320705233,0.008566721581548586,0.0019633507853402676,0.012255713812520774,0.009257542293466425,11,48,0,0,-0.02482848742241095,0
2025-12-01,37.57142857142857,2162338.1428571427,13.285714285714286,575246.4285714285,16.0,771862.1428571428,78.42857142857143,3803724.8571428573,2.985,64.22,120.9862,47.14285714285714,51.63095238095238,6.7188434378886335,0.7276919529628776,53.0,50.142857142857146,49.142857142857146,13.0,12.273809523809524,1.2289036095776047,1.0824442289039768,12.428571428571429,11.714285714285714,11.857142857142858,15.214285714285715,15.45238095238095,1.6516328758120788,1.0354391371340526,13.571428571428571,14.142857142857142,13.857142857142858,83.64285714285714,83.45238095238095,3.8940037629823396,0.9398002853067048,84.28571428571429,84.0,81.71428571428571,0.053656098923097056,-0.00940922412463363,-0.023863809089527344,0.028568047742912613,0.026440785307156434,0.0023805745119822586,-0.02482848742241095,-0.011262007287181297,-0.0003265839320705233,0.0019633507853402676,-0.0038286982755213472,12,49,0,1,-0.015075376884422065,0
2025-12-08,36.714285714285715,1951920.5714285714,10.428571428571429,487167.28571428574,14.571428571428571,733213.7142857143,88.42857142857143,3970410.285714286,2.94,63.3,120.776,44.357142857142854,50.535714285714285,8.418880627518753,0.7265017667844523,37.57142857142857,53.0,47.857142857142854,11.964285714285714,12.119047619047619,1.2086704901426755,0.8605108055009824,13.285714285714286,12.428571428571429,14.571428571428571,14.571428571428571,15.297619047619046,1.0367400503373851,0.9525291828793775,16.0,13.571428571428571,17.142857142857142,83.78571428571429,83.77380952380953,4.104916580888408,1.055563450333949,78.42857142857143,84.28571428571429,87.85714285714286,0.1012236986253097,-0.014325755216443525,0.0046024440564989,0.018184931557229847,-0.00940922412463363,0.026440785307156434,-0.015075376884422065,-0.0379581151832461,-0.02482848742241095,-0.0003265839320705233,-0.004306734466406836,12,50,0,1,-0.015306122448979553,0
2025-12-15,34.857142857142854,1938066.2857142857,9.857142857142858,467106.5714285714,15.714285714285714,811359.8571428572,88.42857142857143,4269421.857142857,2.895,61.55,119.9561,40.535714285714285,48.5,8.386395689034961,0.7187039764359351,36.714285714285715,37.57142857142857,50.142857142857146,11.5,12.047619047619046,1.6225452416572983,0.8181818181818183,10.428571428571429,13.285714285714286,11.714285714285714,14.964285714285714,15.25,1.1149875689496673,1.0304449648711944,14.571428571428571,16.0,14.142857142857142,84.89285714285715,83.69047619047619,4.73139032650729,1.0566145092460881,88.42857142857143,78.42857142857143,84.0,0.094013682816241,-0.027646129541864184,-0.02549081697276756,0.023106127848383468,-0.014325755216443525,-0.00940922412463363,-0.015306122448979553,-0.054539516655780496,-0.015075376884422065,-0.02482848742241095,-0.009565320778832542,12,51,0,1,-0.01865284974093262,0
2025-12-22,34.285714285714285,1667578.4285714286,11.857142857142858,689911.2857142857,16.571428571428573,848477.4285714285,79.28571428571429,3164336.8571428573,2.841,62.22,119.9912,35.857142857142854,46.333333333333336,1.5430334996221078,0.7399794450154161,34.857142857142854,36.714285714285715,53.0,11.357142857142858,12.04761904761905,1.5364062671335763,0.984189723320158,9.857142857142858,10.428571428571429,12.428571428571429,15.714285714285714,15.285714285714285,0.8411200825077891,1.0841121495327104,15.714285714285714,14.571428571428571,13.571428571428571,83.64285714285714,83.57142857142857,5.537134994342868,0.9487179487179488,88.42857142857143,88.42857142857143,84.28571428571429,0.06075018335344168,0.010885458976441997,-0.04025913928736691,0.015985285333549325,-0.027646129541864184,-0.014325755216443525,-0.01865284974093262,-0.07187193727540009,-0.015306122448979553,-0.015075376884422065,-0.015796799628600033,12,52,0,1,-0.01055966209081316,0
2025-12-29,40.714285714285715,2129151.8571428573,12.0,714090.4285714285,12.857142857142858,687730.7142857143,88.28571428571429,3894108.0,2.811,63.1,119.5899,36.64285714285714,44.6904761904762,2.905542440019046,0.9110282365476824,34.285714285714285,34.857142857142854,37.57142857142857,11.035714285714285,12.0,1.0586540035913488,1.0,11.857142857142858,9.857142857142858,13.285714285714286,14.928571428571427,15.05952380952381,1.6056871714371195,0.8537549407114624,16.571428571428573,15.714285714285714,16.0,86.10714285714286,83.94047619047619,4.548117649056341,1.0517657069919162,79.28571428571429,88.42857142857143,78.42857142857143,0.045862778937234755,0.014143362262938108,-0.017440049828713722,0.020135348718476102,0.010885458976441997,-0.027646129541864184,-0.01055966209081316,-0.05829145728643215,-0.01865284974093262,-0.015306122448979553,-0.011540985666133818,12,1,0,1,-0.005336179295624355,0
2026-01-05,39.0,2484879.1428571427,9.285714285714286,547087.2857142857,12.571428571428571,570226.4285714285,80.0,2917291.285714286,2.796,63.0,119.6192,37.21428571428571,43.904761904761905,3.1396087108342483,0.8882863340563991,40.714285714285715,34.285714285714285,36.714285714285715,10.75,11.738095238095235,1.38197827246976,0.7910750507099394,12.0,11.857142857142858,10.428571428571429,14.428571428571429,14.82142857142857,2.0135594773207663,0.8481927710843374,12.857142857142858,16.571428571428573,14.571428571428571,84.0,83.83333333333333,5.039976244409877,0.9542743538767396,88.28571428571429,79.28571428571429,88.42857142857143,0.1295428725681461,-0.0015847860538827918,-0.004739336492890933,0.018981864498038518,0.014143362262938108,0.010885458976441997,-0.005336179295624355,-0.048979591836734726,-0.01055966209081316,-0.01865284974093262,-0.009578061866595933,1,2,0,1,-0.006080114449213081,0
2026-01-12,43.0,2240449.1428571427,12.857142857142858,634977.7142857143,11.285714285714286,527001.0,86.28571428571429,4148492.4285714286,2.779,65.4,119.9958,39.25,43.523809523809526,3.692933129917721,0.9879649890590809,39.0,40.714285714285715,34.857142857142854,11.5,11.785714285714285,1.5408275892727896,1.090909090909091,9.285714285714286,12.0,9.857142857142858,13.321428571428571,14.452380952380954,2.2719077062793014,0.7808896210873146,12.571428571428571,12.857142857142858,15.714285714285714,83.46428571428572,83.79761904761905,4.496975552039896,1.029691717573519,80.0,88.28571428571429,88.42857142857143,0.027636145342748608,0.03809523809523818,0.06255077173030066,0.01658831000652495,-0.0015847860538827918,0.014143362262938108,-0.006080114449213081,-0.040069084628670204,-0.005336179295624355,-0.01055966209081316,0.0003309544074874271,1,3,0,1,0.009715725080964521,1
2026-01-19,36.42857142857143,1850602.0,8.714285714285714,398382.4285714286,14.285714285714286,645159.7142857143,79.42857142857143,3404108.285714286,2.806,66.91,120.0838,39.78571428571429,41.892857142857146,2.773783976993051,0.8695652173913043,43.0,39.0,34.285714285714285,10.714285714285715,11.571428571428571,2.0236694629406187,0.7530864197530863,12.857142857142858,9.285714285714286,11.857142857142858,12.75,14.380952380952381,1.2309777099728432,0.9933774834437087,11.285714285714286,12.571428571428571,16.571428571428573,83.5,83.86904761904762,4.453081177430679,0.9470546486870121,86.28571428571429,80.0,79.28571428571429,0.10922905768122215,0.02308868501529049,0.07537769206043077,0.016607144373539714,0.03809523809523818,-0.0015847860538827918,0.009715725080964521,-0.012319605772615372,-0.006080114449213081,-0.005336179295624355,0.0007717232597055368,1,4,0,1,0.016749821810406296,1
2026-01-26,38.857142857142854,2299287.5714285714,11.714285714285714,562165.1428571428,14.714285714285714,615677.8571428572,87.42857142857143,3706929.5714285714,2.853,67.7,118.0525,39.32142857142857,41.035714285714285,2.7214816892709512,0.9469103568320278,36.42857142857143,43.0,40.714285714285715,10.642857142857142,11.55952380952381,1.9674217390585085,1.0133882595262615,8.714285714285714,12.857142857142858,12.0,13.214285714285714,14.452380952380954,1.5843623580587867,1.0181219110378912,14.285714285714286,11.285714285714286,12.857142857142858,83.28571428571429,84.34523809523809,4.156791017675071,1.0365561044460128,79.42857142857143,86.28571428571429,88.28571428571429,-0.0037441579605483333,0.01180690479748936,0.07290015847860531,0.01684778309534258,0.02308868501529049,0.03809523809523818,0.016749821810406296,0.014941302027748238,0.009715725080964521,-0.006080114449213081,-0.012855600681997426,1,5,0,1,0.004907115317209776,1
2026-02-02,46.57142857142857,2668457.1428571427,11.714285714285714,607335.0,14.285714285714286,707238.8571428572,80.71428571428571,3388911.714285714,2.867,67.72,118.3609,41.214285714285715,40.92857142857143,4.485046962798288,1.1378708551483419,38.857142857142854,36.42857142857143,39.0,11.249999999999998,11.321428571428571,1.7742489069106766,1.0347003154574133,11.714285714285714,8.714285714285714,9.285714285714286,13.642857142857142,14.214285714285715,1.5843623580587698,1.0050251256281406,14.714285714285714,14.285714285714286,12.571428571428571,83.46428571428572,83.75000000000001,3.980180490215506,0.9637526652452023,87.42857142857143,79.42857142857143,80.0,-0.03533724036977451,0.00029542097488910457,0.07492063492063483,0.016135945865114666,0.01180690479748936,0.02308868501529049,0.004907115317209776,0.02539341917024318,0.016749821810406296,0.009715725080964521,-0.010519214306733415,2,6,0,1,0.012207882804325054,1
2026-02-09,46.0,2217940.285714286,12.714285714285714,457496.0,15.142857142857142,725995.5714285715,79.42857142857143,3234281.714285714,2.902,71.19,117.6392,41.964285714285715,40.583333333333336,5.092845455139455,1.1334702258726899,46.57142857142857,38.857142857142854,43.0,11.214285714285714,11.404761904761905,1.732050807568953,1.11482254697286,11.714285714285714,11.714285714285714,12.857142857142858,14.607142857142858,14.29761904761905,0.4103259033250862,1.0591174021648624,14.285714285714286,14.714285714285714,11.285714285714286,81.75,83.36904761904763,3.8339248286625627,0.9527345423389975,80.71428571428571,87.42857142857143,86.28571428571429,-0.06503617933735245,0.05124040165386878,0.08853211009174289,0.02183696520180629,0.00029542097488910457,0.01180690479748936,0.012207882804325054,0.04426052536883773,0.004907115317209776,0.016749821810406296,-0.019639020699057763,2,7,0,1,0.00758097863542373,1
2026-02-16,56.0,2715502.1428571427,11.285714285714286,586316.4285714285,16.285714285714285,735259.0,80.42857142857143,3653760.5714285714,2.924,70.81,117.5258,46.85714285714286,40.833333333333336,7.033447785766516,1.3714285714285714,46.0,46.57142857142857,36.42857142857143,11.857142857142856,11.30952380952381,0.6060915267315267,0.9978947368421053,12.714285714285714,11.714285714285714,8.714285714285714,15.107142857142858,14.523809523809524,0.8601138984855766,1.1213114754098361,15.142857142857142,14.285714285714286,14.285714285714286,82.0,83.04761904761905,3.6607868750059973,0.9684633027522935,79.42857142857143,80.71428571428571,79.42857142857143,-0.11477452160820159,-0.005337828346677842,0.05828725153190861,0.02551090857032234,0.05124040165386878,0.00029542097488910457,0.00758097863542373,0.04205274411974336,0.012207882804325054,0.004907115317209776,-0.021301790916010255,2,8,0,1,0.0044459644322845104,1
2026-02-23,57.0,2753475.0,13.571428571428571,828957.7142857143,14.571428571428571,560102.0,83.71428571428571,3408973.285714286,2.937,71.9,117.9395,51.392857142857146,42.452380952380956,5.9159360476368406,1.3426808749298933,56.0,46.0,38.857142857142854,12.32142857142857,11.333333333333334,1.0260219726865518,1.1974789915966386,11.285714285714286,12.714285714285714,11.714285714285714,15.071428571428571,14.404761904761905,0.8844845533816758,1.0115702479338842,16.285714285714285,15.142857142857142,14.714285714285714,81.07142857142857,83.48809523809524,1.8461211404739206,1.0027092542421217,80.42857142857143,79.42857142857143,87.42857142857143,-0.13860984217563443,0.01539330603022182,0.06203840472673572,0.025447594835012355,-0.005337828346677842,0.05124040165386878,0.0044459644322845104,0.029442691903259544,0.00758097863542373,0.012207882804325054,-0.0009572012452087053,2,9,0,1,0.026557711950970564,1
2026-03-02,38.857142857142854,2052217.5714285714,12.428571428571429,624674.7142857143,16.0,638960.4285714285,85.0,3735305.714285714,3.015,77.24,118.667,49.46428571428571,42.63095238095238,8.641282816080285,0.9114772409941356,57.0,56.0,46.57142857142857,12.5,11.5,0.9440108381714999,1.0807453416149069,13.571428571428571,11.285714285714286,11.714285714285714,15.5,14.523809523809524,0.7867957924698632,1.1016393442622952,14.571428571428571,16.285714285714285,14.285714285714286,82.14285714285714,83.20238095238095,2.6418917155578403,1.0216053798826727,83.71428571428571,80.42857142857143,80.71428571428571,-0.0288668266885026,0.07426981919332398,0.1405788541051387,0.03564882621782407,0.01539330603022182,-0.005337828346677842,0.026557711950970564,0.05162190442971748,0.0044459644322845104,0.00758097863542373,0.0025861580978177034,3,10,0,0,0.16152570480928685,1
2026-03-09,1.7142857142857142,23091.714285714286,11.714285714285714,475205.71428571426,17.428571428571427,893461.1428571428,78.28571428571429,3716347.714285714,3.502,94.35,119.5151,38.39285714285714,39.86904761904761,25.831314382374963,0.042997909823828014,38.857142857142854,57.0,46.0,12.25,11.654761904761905,0.9991492980171295,1.0051072522982634,12.428571428571429,13.571428571428571,12.714285714285714,16.07142857142857,14.666666666666666,1.1751393027862564,1.1883116883116882,16.0,14.571428571428571,15.142857142857142,81.85714285714286,82.35714285714285,3.0617233153670895,0.9505637467476151,85.0,83.71428571428571,79.42857142857143,0.20325485070465132,0.2215173485240809,0.3253265908133165,0.10241493557368182,0.07426981919332398,0.01539330603022182,0.16152570480928685,0.20675396278428648,0.026557711950970564,0.0044459644322845104,0.015946215207175873,3,11,0,0,0.06225014277555685,1
2026-03-16,2.0,67305.42857142857,13.428571428571429,696424.4285714285,13.142857142857142,499618.14285714284,73.71428571428571,2577411.5714285714,3.72,101.04,120.097,24.89285714285714,37.17857142857142,27.611585609376927,0.05379442843419789,1.7142857142857142,38.857142857142854,56.0,12.785714285714286,11.785714285714285,0.8767596495011701,1.1393939393939394,11.714285714285714,12.428571428571429,11.285714285714286,15.285714285714285,14.38095238095238,1.844277783908481,0.9139072847682119,17.428571428571427,16.0,16.285714285714285,80.17857142857142,81.89285714285715,5.199914965291,0.9001308329699083,78.28571428571429,85.0,80.42857142857143,0.24819337860843563,0.07090620031796524,0.4269171021042226,0.08822892237354894,0.2215173485240809,0.07426981919332398,0.06225014277555685,0.2722298221614228,0.16152570480928685,0.026557711950970564,0.021877749396302715,3,12,0,0,0.06478494623655906,1
2026-03-23,1.0,36380.71428571428,15.857142857142858,819444.0,15.714285714285714,523271.5714285714,70.28571428571429,1726117.4285714286,3.961,103.79,119.9371,10.892857142857142,33.86904761904762,18.647600199416722,0.02952548330404218,2.0,1.7142857142857142,57.0,13.357142857142856,12.107142857142856,1.8088971345926832,1.3097345132743365,13.428571428571429,11.714285714285714,13.571428571428571,15.571428571428571,14.619047619047619,1.7842851423997252,1.0749185667752443,13.142857142857142,17.428571428571427,14.571428571428571,76.82142857142857,80.39285714285714,6.3614217809251805,0.8742780986228345,73.71428571428571,78.28571428571429,83.71428571428571,0.17788583450588563,0.02721694378463968,0.4435326842837273,0.08478022484267088,0.07090620031796524,0.2215173485240809,0.06478494623655906,0.348655090228124,0.06225014277555685,0.16152570480928685,0.01693749761530272,3,13,0,0,0.007321383489018007,1
2026-03-30,2.2857142857142856,17230.14285714286,12.0,603756.5714285715,13.285714285714286,564191.8571428572,67.0,1970726.4285714286,3.99,121.88,121.2851,1.75,30.80952380952381,0.5517442964967205,0.07418856259659969,1.0,2.0,38.857142857142854,13.25,12.333333333333334,1.8929694486001458,0.9729729729729729,15.857142857142858,13.428571428571429,12.428571428571429,14.892857142857142,14.678571428571429,2.06155281280901,0.9051094890510949,15.714285714285714,13.142857142857142,16.0,72.32142857142857,79.30952380952381,4.829578649527615,0.8447913539477634,70.28571428571429,73.71428571428571,85.0,0.3007344053578923,0.17429424800077076,0.5779388917659245,0.08985913022823143,0.02721694378463968,0.07090620031796524,0.007321383489018007,0.3233830845771144,0.06478494623655906,0.06225014277555685,0.022062578475903205,3,14,0,0,0.032581453634085156,1
2026-04-06,2.5714285714285716,68134.71428571429,14.571428571428571,653791.4285714285,17.857142857142858,638087.8571428572,69.85714285714286,2347508.4285714286,4.12,127.61,120.4302,1.9642857142857144,27.44047619047619,0.6838765055469262,0.09370932754880695,2.2857142857142856,1.0,1.7142857142857142,13.964285714285715,12.476190476190476,1.6428571428572005,1.16793893129771,12.0,15.857142857142858,11.714285714285714,15.0,15.226190476190474,2.2406267344798945,1.172791243158718,13.285714285714286,15.714285714285714,17.428571428571427,70.21428571428572,77.94047619047619,2.7516228977512753,0.8962883763555828,67.0,70.28571428571429,78.28571428571429,0.16731803040979557,0.04701345585822114,0.3525172231054585,0.06544255631984577,0.17429424800077076,0.02721694378463968,0.032581453634085156,0.17647058823529416,0.007321383489018007,0.06478494623655906,0.007656773077209467,4,15,0,0,0.0007281553398057472,1
2026-04-13,2.857142857142857,106377.0,13.428571428571429,724841.5714285715,16.714285714285715,565789.4285714285,70.85714285714286,2193458.1428571427,4.123,123.28,118.9916,2.178571428571429,24.642857142857142,0.8196149751511994,0.11594202898550725,2.5714285714285716,2.2857142857142856,2.0,13.964285714285714,12.869047619047619,1.6428571428572005,1.0434782608695652,14.571428571428571,12.0,13.428571428571429,15.892857142857142,15.428571428571429,1.9461281987543897,1.0833333333333335,17.857142857142858,13.285714285714286,13.142857142857142,69.5,77.22619047619048,1.7162686943754506,0.917527362417142,69.85714285714286,67.0,73.71428571428571,0.20992975359861304,-0.03393151006974371,0.2201108471892319,0.08749915361309707,0.04701345585822114,0.17429424800077076,0.0007281553398057472,0.10833333333333339,0.032581453634085156,0.007321383489018007,-0.00920422658351161,4,16,0,0,-0.019160805238903844,0
2026-04-20,5.142857142857143,157257.14285714287,12.142857142857142,565576.7142857143,13.857142857142858,546966.2857142857,70.28571428571429,2155306.4285714286,4.044,103.4,118.2374,3.2142857142857144,21.833333333333332,1.3067069270522054,0.2355507088331516,2.857142857142857,2.5714285714285716,1.0,13.035714285714286,12.904761904761905,1.2086704901426633,0.9409594095940959,13.428571428571429,14.571428571428571,15.857142857142858,15.428571428571429,15.35714285714286,2.2069771859537655,0.9023255813953487,16.714285714285715,17.857142857142858,15.714285714285714,69.5,75.79761904761905,1.7162686943754506,0.92728129417308,70.85714285714286,69.85714285714286,70.28571428571429,0.24847075150108094,-0.16125892277741727,-0.003757587436169163,0.14091842735847443,-0.03393151006974371,0.04701345585822114,-0.019160805238903844,0.020954304468568496,0.0007281553398057472,0.032581453634085156,-0.014171594944350052,4,17,0,0,0.01953511374876382,1
