model_key,model_name,accuracy,balanced_accuracy,f1_macro,f1_weighted,precision_macro,recall_macro
log_reg,Régression logistique,0.9594155844155844,0.9594155844155844,0.9594142399833994,0.9594142399833991,0.959750789592632,0.9594155844155844
random_forest,Random Forest,0.9561688311688312,0.9561688311688312,0.9561230448201976,0.9561230448201975,0.956441746659138,0.9561688311688312
gradient_boosting,Gradient Boosting,0.9642857142857143,0.9642857142857143,0.964187630043172,0.9641876300431719,0.9642623906783347,0.9642857142857143
